Season,Lg,Tm,W,L,Finish,,Age,Ht.,Wt.,,G,MP,FG,FGA,FG%,3P,3PA,3P%,2P,2PA,2P%,FT,FTA,FT%,ORB,DRB,TRB,AST,STL,BLK,TOV,PF,PTS
2024-25,NBA,ATL,40,42,2,,24.9,6-6,209,,82,241.2,43.4,91.8,.472,13.5,37.7,.358,29.9,54.1,.552,18.0,23.2,.775,11.9,32.6,44.5,29.6,9.7,5.1,15.5,19.1,118.2
2023-24,NBA,ATL,36,46,3,,26.2,6-6,211,,82,242.1,43.0,92.5,.465,13.7,37.7,.364,29.3,54.8,.535,18.5,23.2,.797,12.5,32.2,44.7,26.6,7.5,4.5,13.5,18.6,118.3
2022-23,NBA,ATL,41,41,2,,24.9,6-6,210,,82,242.1,44.6,92.4,.483,10.8,30.5,.352,33.9,61.8,.548,18.5,22.6,.818,11.2,33.2,44.4,25.0,7.1,4.9,12.9,18.8,118.4
2021-22,NBA,ATL,43,39,2,,26.1,6-6,211,,82,240.3,41.5,88.3,.470,12.9,34.4,.374,28.6,53.9,.531,18.1,22.3,.812,10.0,33.9,44.0,24.6,7.2,4.2,11.9,18.7,113.9
2020-21,NBA,ATL,41,31,1,,25.4,6-6,212,,72,241.7,40.8,87.2,.468,12.4,33.4,.373,28.4,53.9,.526,19.7,24.2,.812,10.6,35.1,45.6,24.1,7.0,4.8,13.2,19.3,113.7
2019-20,NBA,ATL,20,47,5,,24.1,6-6,213,,67,243.0,40.6,90.6,.449,12.0,36.1,.333,28.6,54.5,.525,18.5,23.4,.790,9.9,33.4,43.3,24.0,7.8,5.1,16.2,23.1,111.8
2018-19,NBA,ATL,29,53,5,,25.1,6-6,213,,82,242.1,41.4,91.8,.451,13.0,37.0,.352,28.4,54.8,.518,17.6,23.4,.752,11.6,34.5,46.1,25.8,8.2,5.1,17.0,23.6,113.3
2017-18,NBA,ATL,24,58,5,,25.4,6-6,212,,82,240.3,38.2,85.5,.446,11.2,31.0,.360,27.0,54.5,.495,15.8,20.2,.785,9.1,32.8,41.9,23.7,7.8,4.2,15.5,19.6,103.4
2016-17,NBA,ATL,43,39,2,,27.9,6-6,219,,82,242.4,38.1,84.4,.451,8.9,26.1,.341,29.2,58.3,.501,18.1,24.9,.728,10.3,34.1,44.3,23.6,8.2,4.8,15.8,18.2,103.2
2015-16,NBA,ATL,48,34,2,,28.2,6-6,217,,82,241.8,38.6,84.4,.458,9.9,28.4,.350,28.7,56.1,.512,15.6,20.0,.783,8.3,33.8,42.1,25.6,9.1,5.9,15.0,19.1,102.8
2014-15,NBA,ATL,60,22,1,,27.8,6-6,218,,82,240.6,38.1,81.7,.466,10.0,26.2,.380,28.1,55.5,.506,16.5,21.2,.778,8.7,31.8,40.6,25.7,9.1,4.6,14.2,17.8,102.5
2013-14,NBA,ATL,38,44,4,,27.6,6-6,220,,82,241.8,37.3,81.6,.458,9.4,25.8,.363,28.0,55.8,.502,17.0,21.7,.781,8.7,31.3,40.0,24.9,8.3,4.0,15.3,19.2,101.0
2012-13,NBA,ATL,44,38,2,,27.1,6-6,215,,82,242.1,37.6,81.0,.464,8.6,23.2,.371,29.0,57.8,.501,14.1,19.7,.715,9.2,31.6,40.9,24.5,8.1,4.5,14.9,18.0,98.0
2011-12,NBA,ATL,40,26,2,,27.9,6-7,215,,66,244.9,36.8,81.0,.454,7.5,20.2,.370,29.3,60.9,.482,15.5,21.0,.740,9.9,31.3,41.2,22.4,8.1,4.6,14.0,17.8,96.6
2010-11,NBA,ATL,44,38,3,,27.4,6-7,219,,82,240.6,36.2,78.4,.462,6.1,17.4,.352,30.1,61.0,.494,16.4,21.1,.779,9.3,30.0,39.3,22.0,6.1,4.2,13.6,19.0,95.0
2009-10,NBA,ATL,53,29,2,,26.5,6-7,219,,82,242.1,38.8,82.9,.468,6.4,17.7,.360,32.4,65.2,.497,17.7,23.3,.759,11.8,29.9,41.7,21.8,7.2,5.0,12.0,19.9,101.7
2008-09,NBA,ATL,47,35,2,,25.8,6-6,219,,82,240.3,36.0,78.7,.458,7.3,19.9,.366,28.8,58.8,.490,18.7,25.4,.737,10.6,29.4,40.0,20.2,7.4,4.6,12.8,19.6,98.1
2007-08,NBA,ATL,37,45,3,,24.2,6-7,220,,82,242.1,36.3,79.9,.454,4.7,13.1,.356,31.6,66.8,.473,21.0,27.2,.772,12.3,29.9,42.2,22.0,7.3,5.5,14.9,20.4,98.2
2006-07,NBA,ATL,30,52,5,,24.1,6-7,216,,82,242.4,34.5,77.7,.444,4.2,12.7,.329,30.4,65.0,.467,20.5,26.9,.761,11.9,28.2,40.1,19.2,7.4,5.4,15.9,24.0,93.7
2005-06,NBA,ATL,26,56,5,,22.7,6-7,221,,82,242.4,35.9,79.2,.454,5.2,14.1,.367,30.8,65.1,.472,20.2,26.9,.750,13.0,27.2,40.3,19.8,7.2,4.8,15.7,25.0,97.2
2004-05,NBA,ATL,13,69,5,,26.0,6-7,220,,82,242.1,35.9,81.4,.441,3.7,11.9,.312,32.2,69.5,.463,17.3,24.3,.711,13.4,28.5,41.9,19.7,7.7,4.2,16.1,24.5,92.7
2003-04,NBA,ATL,28,54,7,,26.2,6-6,214,,82,242.7,34.5,79.6,.433,5.1,15.2,.335,29.4,64.4,.456,18.7,24.1,.776,12.1,30.6,42.7,20.1,7.6,5.0,16.5,22.3,92.8
2002-03,NBA,ATL,35,47,5,,27.2,6-6,215,,82,242.7,34.9,78.5,.444,4.9,13.9,.352,30.0,64.5,.464,19.4,24.5,.793,11.4,31.2,42.6,20.5,7.5,5.8,16.7,21.7,94.1
2001-02,NBA,ATL,33,49,6,,25.7,6-7,210,,82,241.2,35.4,80.6,.439,5.2,14.6,.354,30.2,66.0,.458,18.1,23.7,.765,11.6,29.8,41.5,20.2,8.1,4.3,15.5,20.8,94.0
2000-01,NBA,ATL,25,57,7,,26.1,6-6,211,,82,240.6,35.1,81.3,.431,4.1,11.4,.357,31.0,69.9,.443,16.8,22.1,.759,12.5,30.4,42.9,19.0,7.7,4.7,16.7,22.7,91.0
1999-00,NBA,ATL,28,54,7,,27.6,6-7,219,,82,241.8,36.6,83.0,.441,3.1,9.9,.317,33.4,73.1,.458,18.0,24.2,.743,14.0,31.3,45.3,18.9,6.1,5.6,15.4,21.0,94.3
1998-99,NBA,ATL,31,19,2,,29.6,6-7,216,,50,241.5,30.8,75.2,.409,3.9,12.9,.306,26.8,62.3,.431,20.8,28.4,.731,13.5,30.0,43.5,15.6,6.9,5.2,14.9,19.7,86.3
1997-98,NBA,ATL,50,32,4,,29.4,6-7,214,,82,242.4,35.2,77.5,.455,4.1,12.4,.332,31.1,65.1,.478,21.3,28.2,.756,13.5,29.5,43.0,19.1,8.0,6.0,14.8,20.4,95.9
1996-97,NBA,ATL,56,26,2,,28.8,6-7,215,,82,241.5,34.3,76.9,.446,8.0,22.4,.359,26.3,54.5,.481,18.2,23.8,.763,12.5,28.7,41.1,19.0,8.5,5.2,15.0,19.4,94.8
1995-96,NBA,ATL,46,36,4,,28.1,6-6,207,,82,240.6,36.4,81.3,.448,6.9,19.5,.355,29.5,61.8,.477,18.6,24.5,.757,14.4,26.2,40.6,19.6,9.4,3.9,15.0,20.9,98.3
1994-95,NBA,ATL,42,40,5,,28.2,6-6,210,,82,242.1,36.4,81.5,.447,6.6,19.3,.341,29.8,62.2,.480,17.2,23.8,.724,13.5,27.7,41.2,21.4,9.0,5.0,14.9,22.0,96.6
1993-94,NBA,ATL,57,25,1,,28.7,6-7,209,,82,240.9,39.6,85.8,.461,3.3,10.1,.323,36.3,75.7,.480,19.0,25.2,.752,15.2,29.5,44.8,25.1,11.2,5.5,15.3,19.8,101.4
1992-93,NBA,ATL,43,39,4,,27.1,6-6,209,,82,241.8,41.4,88.7,.466,4.7,13.1,.355,36.7,75.6,.486,20.1,27.1,.742,15.7,28.6,44.3,25.4,9.8,3.4,16.3,22.0,107.5
1991-92,NBA,ATL,38,44,5,,27.2,6-7,212,,82,242.7,42.6,91.2,.467,2.6,8.2,.313,40.0,83.0,.482,18.5,25.3,.731,15.7,30.5,46.2,25.9,9.7,3.9,15.3,21.6,106.2
1990-91,NBA,ATL,43,39,4,,29.0,6-5,198,,82,240.9,40.8,88.1,.464,3.3,10.2,.324,37.5,77.9,.482,24.8,31.0,.800,15.1,29.5,44.6,22.7,8.9,4.6,15.0,21.6,109.8
1989-90,NBA,ATL,41,41,6,,28.6,6-6,197,,82,240.6,41.7,85.6,.487,1.5,5.0,.302,40.2,80.6,.498,23.7,31.0,.764,15.5,26.7,42.2,22.2,8.7,4.3,15.5,22.8,108.5
1988-89,NBA,ATL,52,30,3,,28.5,6-6,200,,82,241.5,41.6,88.2,.472,1.3,4.8,.277,40.3,83.3,.483,26.4,33.0,.800,16.7,28.2,45.0,24.3,10.0,5.8,16.0,22.9,111.0
1987-88,NBA,ATL,50,32,3,,26.8,6-7,205,,82,241.2,42.0,86.6,.485,1.0,3.4,.301,41.0,83.2,.492,22.8,29.8,.767,15.0,29.0,44.0,25.1,7.7,6.5,14.9,25.0,107.9
1986-87,NBA,ATL,57,25,1,,26.1,6-7,207,,82,240.6,41.9,87.1,.481,1.6,5.2,.318,40.2,81.9,.491,24.6,32.5,.759,16.5,30.2,46.7,25.3,8.5,6.2,15.6,26.2,110.0
1985-86,NBA,ATL,50,32,2,,25.3,6-7,206,,82,241.5,42.0,85.7,.490,0.4,2.0,.199,41.6,83.7,.497,24.1,33.0,.732,15.2,29.3,44.6,24.7,9.0,5.3,18.1,26.5,108.6
1984-85,NBA,ATL,34,48,5,,25.5,6-7,205,,82,242.1,42.0,86.8,.484,0.9,2.9,.311,41.1,84.0,.490,21.7,28.9,.752,14.2,28.6,42.8,24.5,8.1,6.6,18.0,25.0,106.6
1983-84,NBA,ATL,40,42,3,,26.6,6-6,200,,82,242.1,39.4,83.0,.474,0.3,1.3,.217,39.1,81.7,.478,22.4,29.4,.761,13.6,27.2,40.8,22.3,7.6,6.8,16.2,25.5,101.5
1982-83,NBA,ATL,43,39,2,,26.6,6-6,198,,82,241.2,40.9,87.1,.469,0.5,2.3,.239,40.3,84.9,.475,19.3,25.7,.751,13.9,29.7,43.6,23.7,7.0,8.1,17.4,24.7,101.6
1981-82,NBA,ATL,42,40,2,,26.5,6-6,200,,82,242.4,39.1,82.6,.474,0.3,1.6,.219,38.8,81.1,.479,22.4,29.1,.768,13.8,28.9,42.7,22.1,7.4,5.9,16.4,27.7,101.0
1980-81,NBA,ATL,31,51,4,,26.8,6-5,200,,82,243.0,40.1,83.7,.479,0.1,1.0,.122,40.0,82.7,.484,24.5,31.6,.777,14.6,27.1,41.8,22.5,9.1,5.7,19.6,27.8,104.9
1979-80,NBA,ATL,50,32,1,,26.1,6-5,201,,82,241.2,39.8,85.7,.464,0.2,0.9,.173,39.6,84.8,.467,24.9,32.3,.771,16.7,29.3,46.0,23.3,9.5,6.6,18.2,28.0,104.5
1978-79,NBA,ATL,46,36,3,,24.6,6-6,202,,82,242.1,42.7,90.4,.473,,,,42.7,90.4,.473,23.7,30.9,.766,16.8,28.5,45.4,23.6,9.8,7.3,18.6,29.6,109.1
1977-78,NBA,ATL,41,41,4,,25.0,6-5,201,,82,241.8,40.7,88.5,.460,,,,40.7,88.5,.460,22.4,28.2,.793,14.1,28.8,42.9,23.2,11.2,5.0,19.4,30.1,103.7
1976-77,NBA,ATL,31,51,6,,24.5,6-6,207,,82,240.3,40.0,87.5,.457,,,,40.0,87.5,.457,22.4,29.9,.749,15.2,30.6,45.8,23.0,8.9,4.0,21.7,28.1,102.4
1975-76,NBA,ATL,29,53,5,,25.9,6-5,204,,82,241.5,40.3,89.5,.450,,,,40.3,89.5,.450,22.1,30.1,.733,14.9,31.0,45.9,20.3,9.6,3.4,18.9,24.2,102.6
1974-75,NBA,ATL,31,51,4,,25.1,6-5,204,,82,241.5,41.8,95.4,.438,,,,41.8,95.4,.438,21.6,29.7,.728,17.6,32.4,49.9,22.9,9.1,2.8,18.9,24.0,105.1
1973-74,NBA,ATL,35,47,2,,27.1,6-6,205,,82,240.9,43.9,94.4,.465,,,,43.9,94.4,.465,20.8,27.6,.752,15.1,33.1,48.2,24.3,9.2,4.0,22.2,25.3,108.6
1972-73,NBA,ATL,46,36,2,,27.1,6-6,206,,82,241.8,45.1,98.0,.461,,,,45.1,98.0,.461,22.2,30.3,.733,,,50.9,25.3,,,21.2,23.4,112.4
1971-72,NBA,ATL,36,46,2,,26.8,6-6,209,,82,240.6,42.5,92.3,.460,,,,42.5,92.3,.460,24.6,33.2,.741,,,49.8,23.1,,,22.2,24.0,109.5
1970-71,NBA,ATL,36,46,2,,27.6,6-6,211,,82,240.9,44.1,94.9,.465,,,,44.1,94.9,.465,25.9,36.3,.713,,,54.5,23.2,,,22.0,23.9,114.0
1969-70,NBA,ATL,48,34,1,,27.3,6-5,210,,82,241.2,46.5,96.4,.483,,,,46.5,96.4,.483,24.5,32.5,.754,,,51.3,26.1,,,,24.6,117.6
1968-69,NBA,ATL,48,34,2,,27.4,6-5,209,,82,240.6,44.0,95.7,.460,,,,44.0,95.7,.460,23.3,34.0,.687,,,56.1,25.2,,,,25.4,111.3
1967-68,NBA,STL,56,26,1,,26.9,6-5,209,,82,242.4,42.7,94.7,.451,,,,42.7,94.7,.451,27.5,37.9,.726,,,64.9,24.2,,,,25.0,113.0
1966-67,NBA,STL,39,42,2,,26.7,6-5,207,,81,241.2,43.8,98.8,.443,,,,43.8,98.8,.443,26.0,36.8,.708,,,64.4,21.1,,,,26.8,113.6
1965-66,NBA,STL,36,44,3,,27.4,6-5,206,,80,240.0,42.2,98.0,.431,,,,42.2,98.0,.431,26.9,35.9,.751,,,64.6,22.3,,,,27.2,111.4
1964-65,NBA,STL,45,35,2,,27.1,6-5,205,,80,240.3,40.9,96.4,.424,,,,40.9,96.4,.424,27.1,36.8,.736,,,65.1,21.1,,,,25.9,108.8
1963-64,NBA,STL,46,34,2,,27.5,6-5,204,,80,,41.8,97.2,.430,,,,41.8,97.2,.430,26.4,34.9,.757,,,62.0,23.8,,,,28.3,110.0
1962-63,NBA,STL,48,32,2,,26.1,6-5,199,,80,,41.9,97.3,.431,,,,41.9,97.3,.431,25.7,35.3,.729,,,63.7,23.8,,,,26.0,109.6
1961-62,NBA,STL,29,51,4,,27.5,6-5,203,,80,,45.5,105.8,.430,,,,45.5,105.8,.430,27.8,36.7,.757,,,69.5,25.0,,,,27.1,118.9
1960-61,NBA,STL,51,28,1,,27.4,6-5,203,,79,,45.8,111.3,.411,,,,45.8,111.3,.411,27.2,37.0,.735,,,75.9,27.0,,,,27.0,118.8
1959-60,NBA,STL,46,29,1,,27.5,6-4,202,,75,,42.4,101.1,.419,,,,42.4,101.1,.419,28.6,38.5,.745,,,71.2,25.1,,,,26.6,113.4
1958-59,NBA,STL,49,23,1,,28.1,6-4,202,,72,,40.0,97.4,.410,,,,40.0,97.4,.410,28.8,38.3,.752,,,70.1,21.8,,,,26.9,108.8
1957-58,NBA,STL,41,31,1,,28.0,6-4,197,,72,,38.6,99.5,.388,,,,38.6,99.5,.388,30.3,42.3,.715,,,75.6,21.4,,,,26.0,107.5
1956-57,NBA,STL,34,38,1,,27.6,6-5,196,,72,,35.5,92.6,.383,,,,35.5,92.6,.383,27.5,37.6,.730,,,63.4,20.2,,,,25.7,98.5
1955-56,NBA,STL,33,39,3,,25.0,6-5,201,,72,,34.8,92.1,.378,,,,34.8,92.1,.378,27.0,38.3,.703,,,62.4,24.3,,,,27.4,96.6
1954-55,NBA,MLH,26,46,4,,26.2,6-5,201,,72,,30.4,83.9,.362,,,,30.4,83.9,.362,26.6,37.1,.717,,,53.5,21.4,,,,26.4,87.4
1953-54,NBA,MLH,21,51,4,,26.1,6-4,194,,72,,24.4,70.7,.345,,,,24.4,70.7,.345,21.2,30.6,.692,,,44.5,18.0,,,,24.6,70.0
1952-53,NBA,MLH,27,44,5,,26.2,6-4,199,,72,,26.0,73.9,.352,,,,26.0,73.9,.352,22.8,33.3,.685,,,47.6,19.8,,,,29.4,74.8
1951-52,NBA,MLH,17,49,5,,26.6,6-5,201,,66,,25.4,76.6,.331,,,,25.4,76.6,.331,22.5,33.0,.682,,,53.6,18.6,,,,28.0,73.2
1950-51,NBA,TRI,25,43,5,,,,,,68,,29.2,88.8,.329,,,,29.2,88.8,.329,25.8,35.7,.723,,,54.6,21.7,,,,30.8,84.3
1949-50,NBA,TRI,29,35,3,,,,,,64,,28.4,86.2,.330,,,,28.4,86.2,.330,26.2,37.6,.696,,,,20.8,,,,32.1,83.0
2024-25,NBA,BOS,61,21,1,,28.9,6-7,216,,82,241.8,41.6,90.0,.462,17.8,48.2,.368,23.9,41.8,.571,15.3,19.1,.799,11.4,33.9,45.3,26.1,7.2,5.5,11.9,15.9,116.3
2023-24,NBA,BOS,64,18,1,,28.2,6-7,216,,82,241.8,43.9,90.2,.487,16.5,42.5,.388,27.4,47.7,.575,16.3,20.2,.807,10.7,35.6,46.3,26.9,6.8,6.6,11.9,16.2,120.6
2022-23,NBA,BOS,57,25,1,,27.4,6-6,222,,82,243.7,42.2,88.8,.475,16.0,42.6,.377,26.2,46.2,.567,17.5,21.6,.812,9.7,35.6,45.3,26.7,6.4,5.2,13.4,18.8,117.9
2021-22,NBA,BOS,51,31,1,,26.1,6-5,218,,82,242.7,40.7,87.4,.466,13.2,37.1,.356,27.5,50.3,.547,17.0,20.9,.816,10.5,35.5,46.1,24.8,7.2,5.8,13.6,18.5,111.8
2020-21,NBA,BOS,36,36,4,,25.1,6-5,220,,72,241.4,41.5,88.9,.466,13.6,36.4,.374,27.9,52.5,.530,16.1,20.8,.775,10.6,33.6,44.3,23.5,7.7,5.3,14.1,20.4,112.6
2019-20,NBA,BOS,48,24,2,,25.3,6-5,221,,72,242.1,41.3,89.6,.461,12.6,34.5,.364,28.7,55.0,.522,18.6,23.2,.801,10.7,35.4,46.1,23.0,8.3,5.6,13.8,21.6,113.7
2018-19,NBA,BOS,49,33,3,,25.7,6-5,220,,82,241.2,42.1,90.5,.465,12.6,34.5,.365,29.5,56.0,.527,15.6,19.5,.802,9.8,34.7,44.5,26.3,8.6,5.3,12.8,20.4,112.4
2017-18,NBA,BOS,55,27,2,,24.7,6-6,221,,82,241.5,38.3,85.1,.450,11.5,30.4,.377,26.9,54.7,.491,16.0,20.7,.771,9.4,35.1,44.5,22.5,7.4,4.5,14.0,19.7,104.0
2016-17,NBA,BOS,53,29,1,,25.9,6-5,219,,82,240.9,38.6,85.1,.454,12.0,33.4,.359,26.6,51.7,.515,18.7,23.2,.807,9.1,32.9,42.0,25.2,7.5,4.1,13.3,20.6,108.0
2015-16,NBA,BOS,48,34,2,,25.2,6-5,220,,82,241.2,39.2,89.2,.439,8.7,26.1,.335,30.5,63.1,.483,18.5,23.5,.788,11.6,33.3,44.9,24.2,9.2,4.2,13.7,21.9,105.7
2014-15,NBA,BOS,40,42,2,,25.0,6-6,221,,82,242.4,38.9,87.9,.443,8.0,24.6,.327,30.9,63.3,.488,15.4,20.5,.754,11.1,32.7,43.8,24.5,8.2,3.6,13.8,21.2,101.4
2013-14,NBA,BOS,25,57,4,,25.4,6-6,221,,82,240.6,36.5,83.9,.435,7.0,21.1,.333,29.5,62.9,.470,16.2,20.8,.777,12.0,30.5,42.5,21.0,7.1,4.2,15.4,21.3,96.2
2012-13,NBA,BOS,41,40,3,,29.1,6-6,214,,81,244.9,37.0,79.7,.465,6.1,17.2,.358,30.9,62.6,.494,16.3,21.0,.776,8.1,31.3,39.3,22.8,8.2,4.5,14.6,21.2,96.5
2011-12,NBA,BOS,39,27,1,,29.3,6-6,213,,66,241.5,35.5,77.1,.460,5.5,15.0,.367,30.0,62.1,.483,15.4,19.8,.778,7.7,31.1,38.8,23.6,7.5,5.5,14.8,19.9,91.8
2010-11,NBA,BOS,56,26,1,,29.5,6-6,223,,82,241.2,36.9,75.8,.486,5.0,13.6,.365,31.9,62.2,.513,17.8,23.1,.770,7.8,31.0,38.8,23.4,8.2,4.2,14.6,20.5,96.5
2009-10,NBA,BOS,50,32,1,,29.4,6-6,219,,82,241.2,37.1,76.8,.483,6.1,17.5,.348,31.0,59.3,.523,19.0,25.5,.746,8.7,29.9,38.6,23.5,8.5,4.9,14.9,22.1,99.2
2008-09,NBA,BOS,62,20,1,,27.8,6-6,222,,82,242.4,37.5,77.2,.486,6.6,16.5,.397,30.9,60.7,.510,19.4,25.3,.765,10.6,31.5,42.1,22.7,7.6,4.7,15.6,23.1,100.9
2007-08,NBA,BOS,66,16,1,,27.9,6-6,220,,82,240.9,36.4,76.7,.475,7.3,19.1,.381,29.1,57.6,.506,20.5,26.5,.771,10.1,31.9,42.0,22.4,8.5,4.6,15.2,22.7,100.5
2006-07,NBA,BOS,24,58,5,,23.5,6-6,221,,82,242.1,34.9,78.7,.443,5.7,15.6,.367,29.1,63.1,.462,20.4,26.6,.767,11.2,29.2,40.4,19.9,7.2,4.7,16.5,24.0,95.8
2005-06,NBA,BOS,33,49,3,,25.3,6-7,227,,82,242.4,36.0,77.1,.467,5.7,15.7,.362,30.3,61.4,.494,20.3,26.9,.755,9.9,29.7,39.6,20.9,7.0,5.1,16.6,24.8,98.0
2004-05,NBA,BOS,45,37,1,,27.1,6-7,218,,82,242.4,37.1,79.4,.468,5.3,15.3,.349,31.8,64.1,.496,21.6,28.3,.764,11.1,29.7,40.8,22.1,8.1,5.2,15.8,24.4,101.3
2003-04,NBA,BOS,36,46,4,,26.4,6-7,218,,82,240.3,34.7,78.2,.443,6.7,19.5,.346,27.9,58.7,.475,19.2,25.5,.750,10.4,29.8,40.1,20.5,9.4,4.0,16.2,22.4,95.3
2002-03,NBA,BOS,44,38,3,,26.9,6-6,218,,82,241.8,32.9,79.4,.415,8.8,26.3,.334,24.2,53.1,.455,18.0,24.3,.742,10.4,30.1,40.5,19.2,8.8,3.7,14.0,21.4,92.7
2001-02,NBA,BOS,49,33,2,,26.2,6-6,220,,82,241.8,34.8,82.1,.424,8.5,23.7,.359,26.3,58.4,.450,18.3,23.9,.764,10.9,31.3,42.2,21.0,9.7,3.6,13.6,21.7,96.4
2000-01,NBA,BOS,36,46,5,,25.9,6-6,221,,82,241.8,33.8,79.1,.428,7.2,19.9,.363,26.6,59.2,.450,19.8,26.7,.740,10.9,28.9,39.8,20.8,9.4,4.1,15.7,23.8,94.6
1999-00,NBA,BOS,35,47,5,,25.4,6-6,218,,82,240.6,37.2,83.9,.444,5.1,15.4,.331,32.2,68.5,.469,19.8,26.5,.745,13.5,29.5,43.0,21.2,9.7,3.5,15.4,27.1,99.3
1998-99,NBA,BOS,19,31,5,,24.3,6-6,215,,50,243.0,36.3,83.3,.436,5.5,15.2,.360,30.9,68.1,.453,14.9,21.5,.692,13.6,29.2,42.8,21.5,9.1,5.1,16.1,23.9,93.0
1997-98,NBA,BOS,36,46,6,,23.9,6-6,209,,82,240.6,36.7,84.6,.434,5.1,15.2,.332,31.7,69.3,.457,17.4,24.0,.726,14.6,24.9,39.5,22.1,12.0,4.5,16.2,26.9,95.9
1996-97,NBA,BOS,15,67,7,,26.1,6-6,211,,82,242.7,37.4,85.0,.440,5.7,16.2,.351,31.7,68.7,.461,20.1,26.8,.750,13.4,26.7,40.0,21.9,9.9,3.8,16.4,23.4,100.6
1995-96,NBA,BOS,33,49,5,,26.3,6-5,208,,82,242.7,38.6,84.7,.456,6.6,17.7,.371,32.0,66.9,.478,19.9,27.9,.714,12.8,29.6,42.4,21.9,8.0,5.0,15.9,24.9,103.6
1994-95,NBA,BOS,35,47,3,,27.2,6-6,207,,82,241.5,38.8,83.5,.464,4.4,12.0,.368,34.4,71.5,.480,20.8,27.7,.753,14.1,28.3,42.4,21.7,7.5,4.4,15.9,24.1,102.8
1993-94,NBA,BOS,32,50,5,,27.8,6-6,204,,82,242.7,40.6,86.1,.472,1.7,5.8,.289,39.0,80.2,.486,17.8,24.4,.730,12.6,29.0,41.7,23.5,8.2,5.4,15.1,22.5,100.8
1992-93,NBA,BOS,48,34,2,,28.6,6-6,206,,82,241.2,42.1,86.5,.487,1.3,4.7,.287,40.8,81.8,.498,18.1,23.3,.777,13.1,29.7,42.8,24.4,7.9,5.6,14.3,22.7,103.7
1991-92,NBA,BOS,51,31,1,,29.2,6-6,207,,82,241.2,43.2,87.8,.492,1.3,4.4,.306,41.9,83.4,.502,18.9,23.4,.808,13.4,31.5,44.9,25.3,7.8,5.9,14.2,20.6,106.6
1990-91,NBA,BOS,56,26,1,,28.2,6-7,205,,82,241.5,45.1,88.0,.512,1.3,4.2,.315,43.7,83.8,.522,20.1,24.4,.824,13.3,32.9,46.2,26.3,8.2,6.9,16.1,20.7,111.5
1989-90,NBA,BOS,52,30,2,,30.2,6-7,209,,82,240.3,43.5,87.2,.498,1.3,4.9,.262,42.2,82.2,.513,21.8,26.3,.832,13.0,33.0,46.0,29.5,6.6,5.5,15.3,20.9,110.0
1988-89,NBA,BOS,42,40,3,,28.5,6-7,204,,82,241.2,42.9,87.1,.493,1.0,3.8,.252,42.0,83.3,.504,22.4,28.6,.783,14.4,29.8,44.2,26.7,7.8,5.1,16.3,22.9,109.2
1987-88,NBA,BOS,57,25,1,,29.8,6-7,205,,82,241.2,43.9,84.2,.521,3.3,8.6,.384,40.6,75.6,.537,22.5,28.0,.803,11.3,29.8,41.1,29.9,7.6,5.1,15.9,22.0,113.6
1986-87,NBA,BOS,59,23,1,,29.4,6-7,205,,82,241.5,44.5,86.0,.517,2.5,6.9,.366,41.9,79.1,.530,21.2,26.3,.808,11.4,31.5,42.9,29.5,6.8,6.4,15.9,20.9,112.6
1985-86,NBA,BOS,67,15,1,,29.3,6-7,204,,82,242.1,45.3,89.2,.508,1.7,4.8,.351,43.7,84.4,.517,21.8,27.4,.794,12.9,33.6,46.4,29.1,7.8,6.2,16.6,21.4,114.1
1984-85,NBA,BOS,63,19,1,,28.5,6-7,205,,82,240.3,45.4,89.3,.508,1.3,3.8,.356,44.0,85.6,.515,22.7,28.1,.806,13.6,32.1,45.7,27.9,7.9,5.0,16.2,21.7,114.8
1983-84,NBA,BOS,62,20,1,,28.0,6-7,204,,82,243.4,44.1,88.2,.500,0.7,2.8,.240,43.4,85.4,.508,23.3,29.4,.792,14.1,31.0,45.1,25.9,8.2,5.2,17.3,23.8,112.1
1982-83,NBA,BOS,56,26,2,,27.3,6-6,201,,82,241.8,45.3,92.0,.492,0.5,2.3,.210,44.8,89.8,.499,21.1,28.6,.737,15.5,30.9,46.4,27.0,9.6,6.4,18.8,25.1,112.1
1981-82,NBA,BOS,63,19,1,,27.3,6-7,202,,82,241.2,44.6,89.4,.499,0.6,2.2,.266,44.0,87.2,.505,22.2,30.0,.740,15.3,30.4,45.6,25.9,8.0,6.9,17.7,24.6,112.0
1980-81,NBA,BOS,62,20,1,,27.0,6-7,200,,82,241.2,43.7,86.6,.504,0.8,2.9,.270,42.9,83.6,.513,21.7,28.9,.752,14.1,29.6,43.6,26.9,8.3,7.2,19.2,24.3,109.9
1979-80,NBA,BOS,61,21,1,,27.3,6-6,201,,82,242.4,44.1,90.1,.490,2.0,5.1,.384,42.1,84.9,.496,23.3,29.9,.779,15.0,30.0,44.9,26.8,9.9,3.8,18.8,24.1,113.5
1978-79,NBA,BOS,29,53,5,,27.5,6-6,202,,82,240.0,43.0,89.6,.480,,,,43.0,89.6,.480,22.2,28.3,.784,13.6,29.2,42.9,24.3,8.7,3.5,20.9,24.1,108.2
1977-78,NBA,BOS,32,50,3,,29.7,6-6,207,,82,241.8,42.6,93.1,.458,,,,42.6,93.1,.458,20.5,26.3,.779,15.1,34.8,49.8,24.0,7.8,3.6,20.1,24.8,105.7
1976-77,NBA,BOS,44,38,2,,28.7,6-6,208,,82,241.8,42.2,94.8,.445,,,,42.2,94.8,.445,20.1,26.6,.756,15.1,36.2,51.3,24.5,6.2,3.2,20.4,24.9,104.5
1975-76,NBA,BOS,54,28,1,,29.0,6-5,203,,82,240.9,43.0,96.4,.446,,,,43.0,96.4,.446,20.2,25.9,.780,16.7,36.2,52.9,24.1,6.8,3.2,19.6,24.4,106.2
1974-75,NBA,BOS,60,22,1,,29.1,6-5,208,,82,240.9,43.7,95.4,.458,,,,43.7,95.4,.458,19.0,24.0,.791,16.0,36.0,52.0,26.3,8.1,3.5,19.8,23.3,106.5
1973-74,NBA,BOS,56,26,1,,28.5,6-5,209,,82,241.2,44.3,97.2,.456,,,,44.3,97.2,.456,20.5,25.6,.800,16.8,37.5,54.3,26.7,6.8,3.7,21.9,22.8,109.0
1972-73,NBA,BOS,68,14,1,,28.0,6-5,209,,82,240.6,46.5,103.8,.448,,,,46.5,103.8,.448,19.7,25.3,.780,,,58.6,28.3,,,20.5,22.0,112.7
1971-72,NBA,BOS,56,26,1,,27.6,6-5,208,,82,240.6,46.6,102.8,.453,,,,46.6,102.8,.453,22.4,28.9,.777,,,54.4,27.2,,,19.5,24.8,115.6
1970-71,NBA,BOS,44,38,3,,26.2,6-6,210,,82,241.2,46.4,105.1,.442,,,,46.4,105.1,.442,24.4,32.3,.755,,,58.9,25.0,,,20.1,26.1,117.2
1969-70,NBA,BOS,34,48,6,,28.4,6-5,206,,82,241.2,44.5,100.4,.443,,,,44.5,100.4,.443,26.0,33.1,.786,,,52.9,22.9,,,,28.3,114.9
1968-69,NBA,BOS,48,34,4,,30.5,6-5,203,,82,241.8,43.7,101.4,.431,,,,43.7,101.4,.431,23.6,32.4,.729,,,59.0,23.8,,,,25.3,111.0
1967-68,NBA,BOS,54,28,2,,29.5,6-5,205,,82,240.3,45.0,102.1,.440,,,,45.0,102.1,.440,26.2,36.4,.721,,,69.1,21.9,,,,26.2,116.1
1966-67,NBA,BOS,60,21,2,,29.6,6-5,206,,81,242.2,46.0,102.8,.447,,,,46.0,102.8,.447,27.4,36.6,.748,,,70.4,24.2,,,,26.4,119.3
1965-66,NBA,BOS,54,26,2,,28.8,6-5,208,,80,240.3,43.6,104.6,.417,,,,43.6,104.6,.417,25.5,34.5,.739,,,69.9,22.4,,,,25.2,112.7
1964-65,NBA,BOS,62,18,1,,28.3,6-5,209,,80,240.9,44.6,107.6,.414,,,,44.6,107.6,.414,23.6,32.3,.731,,,71.9,22.2,,,,25.8,112.8
1963-64,NBA,BOS,59,21,1,,28.4,6-5,208,,80,,45.2,109.6,.413,,,,45.2,109.6,.413,22.6,31.1,.725,,,71.7,22.0,,,,26.6,113.0
1962-63,NBA,BOS,58,22,1,,28.3,6-5,204,,80,,46.8,109.7,.427,,,,46.8,109.7,.427,25.2,34.7,.725,,,72.7,24.5,,,,26.1,118.8
1961-62,NBA,BOS,60,20,1,,27.9,6-5,203,,80,,48.2,113.9,.423,,,,48.2,113.9,.423,24.7,33.9,.728,,,76.0,25.6,,,,23.9,121.1
1960-61,NBA,BOS,57,22,1,,28.3,6-4,202,,79,,46.8,117.7,.398,,,,46.8,117.7,.398,26.1,35.6,.733,,,77.6,23.7,,,,25.7,119.7
1959-60,NBA,BOS,59,16,1,,27.5,6-4,202,,75,,49.9,119.6,.417,,,,49.9,119.6,.417,24.7,33.6,.734,,,80.2,24.7,,,,24.7,124.5
1958-59,NBA,BOS,52,20,1,,27.1,6-4,200,,72,,44.6,112.7,.395,,,,44.6,112.7,.395,27.3,35.6,.766,,,77.8,21.8,,,,24.6,116.4
1957-58,NBA,BOS,49,23,1,,27.6,6-4,197,,72,,41.8,107.8,.387,,,,41.8,107.8,.387,26.4,35.9,.737,,,75.0,20.9,,,,23.9,109.9
1956-57,NBA,BOS,44,28,1,,27.0,6-4,201,,72,,39.0,101.8,.383,,,,39.0,101.8,.383,27.5,36.7,.750,,,68.9,20.3,,,,25.7,105.5
1955-56,NBA,BOS,39,33,2,,26.9,6-4,196,,72,,38.1,96.0,.397,,,,38.1,96.0,.397,29.8,38.7,.769,,,63.7,25.5,,,,26.0,106.0
1954-55,NBA,BOS,36,36,3,,26.8,6-4,194,,72,,36.2,90.7,.399,,,,36.2,90.7,.399,29.1,37.6,.776,,,59.6,26.5,,,,25.8,101.5
1953-54,NBA,BOS,42,30,3,,26.4,6-4,189,,72,,31.0,77.5,.400,,,,31.0,77.5,.400,25.7,35.4,.726,,,53.7,24.6,,,,27.3,87.7
1952-53,NBA,BOS,46,25,3,,25.5,6-4,192,,71,,30.7,78.2,.392,,,,30.7,78.2,.392,26.8,36.9,.728,,,54.4,23.5,,,,26.9,88.1
1951-52,NBA,BOS,39,27,2,,25.0,6-4,191,,66,,32.3,83.5,.387,,,,32.3,83.5,.387,26.7,36.5,.734,,,56.8,24.3,,,,26.3,91.3
1950-51,NBA,BOS,39,30,2,,,,,,69,,29.9,81.3,.368,,,,29.9,81.3,.368,25.4,35.0,.725,,,50.7,22.9,,,,27.3,85.2
1949-50,NBA,BOS,22,46,6,,,,,,68,,28.6,84.6,.338,,,,28.6,84.6,.338,22.5,31.8,.707,,,,21.7,,,,24.2,79.7
1948-49,BAA,BOS,25,35,5,,,,,,60,,28.4,91.4,.311,,,,28.4,91.4,.311,19.7,30.9,.636,,,,18.9,,,,23.0,76.6
1947-48,BAA,BOS,20,28,3,,,,,,48,,25.9,90.1,.287,,,,25.9,90.1,.287,17.1,26.0,.659,,,,7.6,,,,22.2,68.8
1946-47,BAA,BOS,22,38,5,,,,,,60,,23.3,85.6,.272,,,,23.3,85.6,.272,13.5,22.9,.590,,,,7.8,,,,20.0,60.1
2024-25,NBA,BRK,26,56,4,,24.7,6-7,213,,82,241.2,37.6,86.1,.437,13.6,39.4,.344,24.1,46.7,.515,16.3,20.7,.787,10.9,30.4,41.3,25.2,7.8,4.3,15.2,20.7,105.1
2023-24,NBA,BRK,32,50,4,,26.1,6-6,215,,82,241.5,40.7,89.1,.456,13.3,36.7,.362,27.4,52.4,.522,15.8,20.9,.756,11.4,32.6,44.1,25.6,6.8,5.2,13.1,18.5,110.4
2022-23,NBA,BRK,45,37,4,,28.0,6-6,216,,82,240.6,41.5,85.1,.487,12.8,33.8,.378,28.7,51.3,.559,17.7,22.1,.800,8.2,32.3,40.5,25.5,7.1,6.2,13.7,21.1,113.4
2021-22,NBA,BRK,44,38,4,,29.1,6-6,217,,82,240.9,42.0,88.4,.475,11.5,31.7,.361,30.5,56.7,.538,17.5,21.7,.805,10.3,34.1,44.4,25.3,7.1,5.5,14.1,20.4,112.9
2020-21,NBA,BRK,48,24,2,,28.2,6-6,219,,72,241.7,43.1,87.3,.494,14.2,36.1,.392,29.0,51.2,.565,18.1,22.5,.804,8.9,35.5,44.4,26.8,6.7,5.3,13.5,19.0,118.6
2019-20,NBA,BRK,35,37,4,,26.3,6-6,220,,72,242.8,40.4,90.3,.448,13.1,38.1,.343,27.3,52.1,.524,17.9,24.1,.745,10.6,37.3,47.9,24.5,6.4,4.5,15.3,21.0,111.8
2018-19,NBA,BRK,42,40,4,,25.4,6-6,216,,82,243.7,40.3,89.7,.449,12.8,36.2,.353,27.5,53.6,.513,19.0,25.5,.745,11.0,35.6,46.6,23.8,6.6,4.1,15.1,21.5,112.2
2017-18,NBA,BRK,28,54,5,,25.1,6-7,218,,82,242.1,38.2,86.8,.441,12.7,35.7,.356,25.5,51.1,.500,17.4,22.6,.772,9.7,34.8,44.4,23.7,6.2,4.8,15.2,20.6,106.6
2016-17,NBA,BRK,20,62,5,,26.0,6-7,224,,82,240.9,37.8,85.2,.444,10.7,31.6,.338,27.1,53.6,.506,19.4,24.6,.788,8.8,35.1,43.9,21.4,7.2,4.7,16.5,21.0,105.8
2015-16,NBA,BRK,21,61,4,,26.9,6-6,220,,82,240.9,38.2,84.4,.453,6.5,18.4,.352,31.8,66.0,.481,15.7,20.7,.757,10.5,31.9,42.4,22.3,7.6,4.0,14.8,18.0,98.6
2014-15,NBA,BRK,38,44,3,,28.6,6-7,224,,82,243.0,37.4,83.0,.451,6.6,19.9,.331,30.8,63.1,.489,16.6,22.2,.748,10.3,32.0,42.4,20.9,7.0,4.1,13.8,19.3,98.0
2013-14,NBA,BRK,44,38,2,,30.0,6-7,219,,82,242.4,35.7,77.9,.459,8.6,23.4,.369,27.1,54.5,.497,18.4,24.4,.753,8.8,29.4,38.1,20.9,8.6,3.8,14.5,21.7,98.5
2012-13,NBA,BRK,49,33,2,,28.6,6-7,223,,82,242.1,35.9,79.8,.450,7.7,21.5,.357,28.2,58.3,.484,17.5,23.9,.731,12.8,30.0,42.8,20.3,7.3,4.8,14.7,18.3,96.9
2011-12,NBA,NJN,22,44,5,,26.1,6-6,219,,66,240.8,34.3,80.6,.425,7.7,22.4,.342,26.6,58.2,.457,16.9,21.7,.777,11.9,28.5,40.3,19.9,7.5,3.9,15.1,19.2,93.1
2010-11,NBA,NJN,24,58,4,,24.8,6-7,218,,82,244.0,35.6,81.0,.440,5.6,16.3,.343,30.0,64.6,.464,17.4,22.9,.759,11.1,29.8,40.8,21.0,5.6,4.7,14.0,22.0,94.2
2009-10,NBA,NJN,12,70,5,,24.8,6-7,217,,82,241.2,34.3,79.9,.429,4.6,14.5,.318,29.7,65.5,.454,19.2,24.6,.780,10.9,28.8,39.7,18.8,7.0,4.8,14.4,20.0,92.4
2008-09,NBA,NJN,34,48,3,,25.7,6-7,219,,82,241.8,35.7,79.7,.448,8.0,21.2,.376,27.7,58.5,.473,18.8,24.1,.779,10.4,29.5,39.8,20.0,6.8,4.8,13.1,22.4,98.1
2007-08,NBA,NJN,34,48,4,,27.4,6-7,222,,82,241.8,34.8,78.7,.443,6.1,17.4,.348,28.8,61.2,.470,20.1,27.3,.736,11.1,30.7,41.9,23.5,6.4,4.8,15.0,22.6,95.8
2006-07,NBA,NJN,41,41,2,,28.2,6-7,219,,82,242.4,35.5,77.8,.457,7.4,20.4,.363,28.1,57.4,.490,19.1,26.3,.727,10.0,30.8,40.8,23.9,6.1,3.3,14.8,22.8,97.6
2005-06,NBA,NJN,49,33,1,,28.6,6-7,222,,82,241.2,33.9,77.0,.440,5.8,17.6,.330,28.1,59.4,.472,20.2,26.7,.758,10.0,31.0,41.0,23.0,6.8,3.4,13.6,23.2,93.8
2004-05,NBA,NJN,42,40,3,,27.8,6-6,219,,82,242.7,33.6,78.3,.429,5.3,14.7,.362,28.3,63.6,.444,19.0,24.9,.763,10.4,29.1,39.5,21.6,7.9,3.8,14.2,24.2,91.4
2003-04,NBA,NJN,47,35,1,,27.7,6-7,216,,82,240.3,34.3,77.7,.441,4.6,13.7,.336,29.7,64.0,.464,17.0,22.6,.753,10.5,30.2,40.7,24.5,8.6,3.9,14.7,21.0,90.3
2002-03,NBA,NJN,49,33,1,,27.3,6-7,217,,82,240.9,35.4,80.3,.441,4.2,12.7,.332,31.2,67.6,.462,20.3,26.8,.757,12.1,30.8,42.9,23.0,8.7,4.6,14.8,21.6,95.4
2001-02,NBA,NJN,52,30,1,,26.1,6-7,218,,82,241.8,37.1,83.1,.446,4.9,14.6,.338,32.2,68.6,.469,17.1,23.3,.735,12.7,30.7,43.3,24.3,8.7,6.0,14.5,21.1,96.2
2000-01,NBA,NJN,26,56,6,,27.5,6-6,209,,82,240.6,33.9,79.9,.425,4.4,13.2,.333,29.5,66.7,.443,19.9,26.2,.759,11.1,28.5,39.6,19.5,7.9,5.0,14.7,24.2,92.1
1999-00,NBA,NJN,31,51,6,,27.3,6-6,206,,82,241.8,36.3,83.9,.433,5.8,16.8,.347,30.5,67.2,.454,19.5,24.9,.784,12.7,28.2,40.9,20.6,8.8,4.8,13.6,23.3,98.0
1998-99,NBA,NJN,16,34,7,,26.0,6-6,207,,50,241.0,33.8,83.2,.406,4.5,13.6,.331,29.3,69.6,.421,19.2,25.0,.769,14.3,28.7,43.0,18.5,9.8,5.5,15.0,22.7,91.4
1997-98,NBA,NJN,43,39,3,,27.8,6-6,204,,82,242.4,37.3,84.5,.441,3.8,11.4,.331,33.5,73.1,.458,21.3,28.7,.744,16.4,26.1,42.5,20.5,9.5,3.8,14.4,23.4,99.6
1996-97,NBA,NJN,26,56,5,,26.8,6-7,209,,82,241.2,36.5,86.5,.422,5.9,16.7,.353,30.6,69.8,.439,18.3,24.8,.740,17.2,29.0,46.2,21.0,8.3,5.9,15.7,22.7,97.2
1995-96,NBA,NJN,30,52,6,,27.4,6-8,215,,82,242.7,35.1,82.3,.427,3.0,9.1,.335,32.1,73.2,.438,20.4,27.4,.745,16.5,30.5,47.0,21.4,7.6,7.0,16.8,22.9,93.7
1994-95,NBA,NJN,30,52,5,,27.5,6-7,213,,82,242.4,35.8,82.2,.436,5.0,15.8,.319,30.8,66.4,.464,21.3,28.1,.759,14.8,31.3,46.1,23.0,6.6,6.7,15.9,22.5,98.1
1993-94,NBA,NJN,45,37,3,,26.6,6-6,211,,82,241.8,38.6,86.8,.445,2.7,8.3,.327,35.9,78.4,.458,23.2,30.4,.762,15.9,31.2,47.0,23.2,8.5,7.0,14.6,20.6,103.2
1992-93,NBA,NJN,43,39,3,,27.3,6-7,211,,82,241.2,39.9,86.4,.462,1.9,6.0,.318,38.0,80.4,.473,21.1,27.5,.767,15.7,30.6,46.3,22.8,8.5,6.4,16.5,23.1,102.8
1991-92,NBA,NJN,40,42,3,,25.6,6-7,210,,82,241.2,42.4,92.4,.458,2.7,8.2,.334,39.6,84.3,.470,17.9,24.5,.732,18.4,29.2,47.6,23.6,9.0,7.5,17.0,22.4,105.4
1990-91,NBA,NJN,26,56,5,,26.2,6-7,210,,82,241.8,40.4,91.0,.444,2.0,7.1,.275,38.4,83.8,.458,20.2,27.4,.739,17.1,28.6,45.7,21.7,9.1,7.3,17.4,23.8,102.9
1989-90,NBA,NJN,17,65,6,,26.6,6-7,209,,82,240.3,38.5,90.4,.426,1.7,6.2,.277,36.8,84.3,.437,21.4,28.7,.746,16.6,28.3,45.0,18.0,9.4,5.9,16.6,23.8,100.1
1988-89,NBA,NJN,26,56,5,,26.8,6-6,203,,82,241.5,40.6,88.1,.461,2.3,6.9,.329,38.4,81.2,.473,20.2,27.6,.731,14.7,29.5,44.2,21.9,9.4,5.3,17.7,24.0,103.7
1987-88,NBA,NJN,19,63,5,,26.7,6-6,207,,82,241.2,39.1,83.6,.468,1.7,5.5,.301,37.5,78.1,.480,20.5,28.1,.729,13.1,27.6,40.7,21.9,8.9,4.7,18.3,24.9,100.4
1986-87,NBA,NJN,24,58,4,,26.2,6-7,209,,82,242.1,41.1,86.4,.476,1.8,5.5,.323,39.4,80.9,.487,24.4,31.8,.767,14.3,29.4,43.6,24.3,7.8,4.8,19.7,28.7,108.5
1985-86,NBA,NJN,39,43,4,,27.5,6-6,206,,82,241.5,43.3,89.0,.486,0.5,2.6,.201,42.7,86.4,.495,22.1,29.2,.755,14.4,30.3,44.7,26.0,9.1,4.2,19.2,26.0,109.1
1984-85,NBA,NJN,42,40,3,,26.5,6-6,207,,82,240.9,44.5,90.8,.490,0.6,2.7,.232,43.8,88.1,.498,19.9,27.3,.729,15.0,28.4,43.4,26.4,9.4,5.1,16.5,24.5,109.5
1983-84,NBA,NJN,45,37,4,,25.5,6-6,206,,82,241.5,44.1,88.5,.498,0.6,2.8,.211,43.5,85.7,.507,21.2,30.3,.700,14.9,28.2,43.1,26.2,9.9,6.1,19.6,27.4,110.0
1982-83,NBA,NJN,49,33,3,,25.2,6-6,204,,82,240.3,42.8,87.1,.492,0.4,1.8,.201,42.4,85.3,.498,19.8,28.1,.705,15.4,29.6,45.0,26.1,11.1,7.2,22.8,26.4,105.8
1981-82,NBA,NJN,44,38,3,,25.1,6-5,202,,82,241.2,42.7,88.1,.484,0.4,1.8,.205,42.3,86.4,.490,20.9,28.7,.728,14.6,28.3,42.9,25.6,11.2,5.9,20.1,28.0,106.7
1980-81,NBA,NJN,24,58,5,,25.2,6-6,205,,82,241.5,42.4,89.2,.475,0.4,1.7,.246,42.0,87.5,.480,21.7,28.9,.751,13.3,29.0,42.3,25.2,9.1,5.6,20.3,26.9,106.9
1979-80,NBA,NJN,34,48,5,,26.1,6-6,201,,82,241.5,42.1,91.5,.461,1.0,3.6,.285,41.1,87.9,.468,23.0,29.3,.782,15.0,30.9,45.9,25.5,10.6,7.1,20.8,26.6,108.3
1978-79,NBA,NJN,37,45,3,,25.7,6-5,198,,82,240.9,42.2,91.7,.460,,,,42.2,91.7,.460,23.2,31.9,.729,15.1,28.9,44.0,23.3,10.4,7.5,22.7,28.4,107.7
1977-78,NBA,NJN,24,58,5,,25.5,6-6,199,,82,242.7,43.3,97.6,.443,,,,43.3,97.6,.443,20.1,28.1,.717,15.9,31.6,47.6,22.9,10.5,7.7,21.6,28.2,106.7
1976-77,NBA,NYN,22,60,5,,25.8,6-6,202,,82,240.6,37.8,88.1,.429,,,,37.8,88.1,.429,20.4,27.7,.736,14.1,31.1,45.2,17.3,9.8,5.3,19.9,26.6,95.9
1975-76,ABA,NYA,55,29,2,,25.4,6-5,203,,84,242.7,44.7,97.0,.460,1.3,4.4,.298,43.3,92.6,.468,21.1,27.8,.761,17.8,32.7,50.5,21.6,10.9,6.2,18.2,26.3,111.8
1974-75,ABA,NYA,58,26,2,,24.5,6-5,201,,84,242.7,46.2,94.6,.488,0.8,3.0,.274,45.4,91.6,.495,17.9,23.0,.778,14.5,33.0,47.5,23.9,10.9,6.1,16.7,23.2,111.0
1973-74,ABA,NYA,55,29,1,,23.4,6-5,200,,84,241.5,45.9,95.7,.480,1.0,3.0,.316,44.9,92.6,.485,16.6,22.0,.754,15.9,33.0,48.9,24.1,9.9,6.8,19.2,23.6,109.4
1972-73,ABA,NYA,30,54,4,,25.1,6-5,202,,84,240.6,40.5,84.2,.481,0.6,2.1,.282,39.9,82.1,.486,22.0,29.9,.737,13.8,31.8,45.6,22.6,,,20.2,25.1,103.6
1971-72,ABA,NYA,44,40,3,,25.1,6-5,200,,84,243.3,44.0,91.6,.480,1.1,3.8,.289,42.9,87.9,.488,23.7,30.8,.769,15.3,34.2,49.5,21.9,,,19.7,24.6,112.8
1970-71,ABA,NYA,40,44,3,,24.5,6-5,200,,84,241.2,43.3,91.7,.472,0.5,2.0,.224,42.9,89.7,.478,24.0,31.6,.759,15.8,33.1,48.9,22.3,,,21.2,26.2,111.0
1969-70,ABA,NYA,39,45,4,,25.9,6-5,197,,84,242.1,42.2,93.5,.451,0.8,3.4,.248,41.3,90.1,.459,23.7,33.6,.704,19.2,30.3,49.5,21.0,,,20.4,28.3,108.9
1968-69,ABA,NYA,17,61,5,,25.8,6-4,205,,78,241.9,40.4,97.0,.416,1.0,3.4,.292,39.4,93.6,.421,26.8,36.1,.742,18.7,33.0,51.7,18.1,,,19.7,29.0,108.5
1967-68,ABA,NJA,36,42,5,,23.0,6-5,203,,78,240.3,40.9,99.1,.413,1.6,5.8,.274,39.3,93.2,.421,27.4,36.9,.743,,,52.2,15.4,,,15.8,26.3,110.8
2024-25,NBA,CHO,19,63,4,,25.1,6-6,208,,82,240.9,38.3,89.1,.430,13.0,38.3,.339,25.3,50.8,.499,15.5,19.8,.783,12.2,33.0,45.2,24.3,7.4,4.5,15.5,18.7,105.1
2023-24,NBA,CHO,21,61,4,,25.1,6-7,210,,82,240.6,40.0,87.0,.460,12.1,34.0,.355,28.0,53.0,.528,14.5,18.4,.786,9.3,31.0,40.3,24.8,6.9,4.5,13.8,18.0,106.6
2022-23,NBA,CHO,27,55,5,,25.3,6-6,212,,82,241.8,41.3,90.4,.457,10.7,32.5,.330,30.5,57.9,.528,17.6,23.6,.749,11.0,33.5,44.5,25.1,7.7,5.2,14.2,20.3,111.0
2021-22,NBA,CHO,43,39,3,,25.5,6-6,211,,82,242.4,42.8,91.4,.468,13.9,38.2,.365,28.8,53.3,.542,15.8,21.4,.740,10.8,33.7,44.6,28.1,8.6,4.9,13.3,19.9,115.3
2020-21,NBA,CHO,33,39,4,,24.6,6-5,213,,72,241.0,39.9,87.8,.455,13.7,37.0,.369,26.3,50.8,.517,15.9,20.9,.761,10.6,33.2,43.8,26.8,7.8,4.8,14.8,18.0,109.5
2019-20,NBA,CHO,23,42,3,,24.3,6-5,217,,65,242.3,37.3,85.9,.434,12.1,34.3,.352,25.2,51.6,.489,16.2,21.6,.748,11.0,31.8,42.8,23.8,6.6,4.1,14.6,18.8,102.9
2018-19,NBA,CHO,39,43,2,,26.6,6-5,215,,82,241.8,40.2,89.8,.448,11.9,33.9,.351,28.3,55.8,.507,18.4,23.1,.797,9.9,33.9,43.8,23.2,7.2,4.9,12.2,18.9,110.7
2017-18,NBA,CHO,36,46,3,,26.6,6-7,218,,82,241.2,39.0,86.7,.450,10.0,27.2,.369,28.9,59.4,.487,20.2,27.0,.747,10.1,35.4,45.5,21.6,6.8,4.5,12.7,17.2,108.2
2016-17,NBA,CHO,36,46,4,,26.5,6-7,215,,82,241.8,37.7,85.4,.442,10.0,28.6,.351,27.7,56.7,.488,19.4,23.8,.815,8.8,34.8,43.6,23.1,7.0,4.8,11.5,16.6,104.9
2015-16,NBA,CHO,48,34,3,,26.0,6-7,216,,82,242.1,37.0,84.4,.439,10.6,29.4,.362,26.4,55.0,.479,18.7,23.7,.790,9.0,35.0,43.9,21.7,7.3,5.3,12.5,18.1,103.4
2014-15,NBA,CHO,33,49,4,,26.0,6-6,220,,82,242.7,35.5,84.5,.420,6.1,19.1,.318,29.5,65.4,.450,17.0,22.8,.748,10.0,34.1,44.1,20.2,6.1,5.5,11.9,18.2,94.2
2013-14,NBA,CHA,43,39,3,,25.5,6-6,221,,82,242.7,36.3,82.1,.442,6.3,17.9,.351,30.0,64.1,.468,18.0,24.4,.737,9.5,33.2,42.7,21.7,6.1,5.1,12.3,18.2,96.9
2012-13,NBA,CHA,21,61,4,,24.4,6-6,219,,82,241.5,34.4,81.1,.425,5.7,17.1,.335,28.7,64.0,.448,18.9,25.1,.750,11.2,29.1,40.3,19.4,7.2,5.8,14.1,19.0,93.4
2011-12,NBA,CHA,7,59,5,,24.5,6-6,218,,66,240.8,33.2,80.2,.414,4.0,13.5,.295,29.2,66.7,.439,16.5,22.2,.746,10.3,28.7,39.0,20.1,6.0,5.5,14.5,18.9,87.0
2010-11,NBA,CHA,34,48,4,,26.9,6-6,216,,82,241.5,35.0,77.6,.451,4.8,14.7,.327,30.2,63.0,.480,18.4,24.4,.756,10.3,29.8,40.1,21.1,6.4,5.3,14.5,20.0,93.3
2009-10,NBA,CHA,44,38,4,,27.4,6-6,212,,82,242.4,34.9,76.9,.453,5.6,16.2,.346,29.2,60.7,.482,20.0,26.6,.751,10.5,30.4,40.8,20.2,7.7,5.4,15.7,19.5,95.3
2008-09,NBA,CHA,35,47,4,,25.8,6-6,217,,82,243.0,35.0,76.8,.455,6.0,16.3,.366,29.0,60.5,.479,17.7,24.0,.740,10.8,28.9,39.7,21.2,7.1,4.8,15.6,21.4,93.6
2007-08,NBA,CHA,32,50,4,,26.3,6-6,216,,82,242.4,36.1,79.9,.452,6.5,17.6,.367,29.6,62.3,.476,18.4,25.8,.714,10.9,29.8,40.6,21.3,7.5,4.9,14.7,21.7,97.1
2006-07,NBA,CHA,33,49,4,,25.5,6-6,217,,82,244.0,36.1,81.0,.446,5.6,15.6,.357,30.5,65.4,.467,19.1,26.0,.734,11.2,28.6,39.8,22.4,7.8,4.5,14.9,24.2,96.9
2005-06,NBA,CHA,26,56,4,,25.2,6-6,219,,82,242.7,36.1,83.5,.433,5.2,15.4,.339,30.9,68.1,.454,19.4,26.7,.729,12.1,27.7,39.8,20.9,10.0,4.3,14.2,23.9,96.9
2004-05,NBA,CHA,18,64,4,,24.9,6-7,221,,82,242.4,36.1,83.6,.432,3.9,10.7,.363,32.2,72.9,.442,18.1,25.6,.709,13.2,28.5,41.7,21.9,8.5,5.4,14.5,23.1,94.3
2001-02,NBA,CHH,44,38,2,,28.3,6-6,221,,82,240.9,35.3,80.2,.440,4.2,12.1,.348,31.1,68.1,.456,19.1,25.7,.745,12.9,30.5,43.5,21.5,8.0,5.6,14.0,21.3,93.9
2000-01,NBA,CHH,46,36,3,,28.2,6-6,217,,82,242.4,34.1,79.3,.431,4.1,12.0,.346,30.0,67.3,.446,19.5,26.2,.745,12.6,31.8,44.4,23.2,8.1,5.5,14.4,21.4,91.9
1999-00,NBA,CHH,49,33,2,,28.7,6-6,216,,82,241.2,35.8,79.7,.449,4.1,12.2,.339,31.7,67.5,.469,22.7,30.0,.758,10.8,32.1,42.9,24.7,8.9,5.9,14.7,20.4,98.4
1998-99,NBA,CHH,26,24,5,,29.0,6-6,210,,50,243.0,33.4,74.4,.449,5.4,14.7,.365,28.1,59.7,.470,20.7,27.7,.747,9.6,29.9,39.5,22.2,8.9,4.9,15.9,22.0,92.9
1997-98,NBA,CHH,51,31,3,,29.2,6-6,219,,82,241.2,36.2,77.4,.468,4.2,11.0,.383,32.0,66.3,.482,20.0,26.7,.751,12.0,28.5,40.6,23.7,8.4,3.8,15.2,21.4,96.6
1996-97,NBA,CHH,54,28,4,,29.1,6-5,213,,82,241.5,36.4,77.3,.471,7.2,16.9,.428,29.2,60.5,.483,18.8,24.2,.777,11.1,28.0,39.1,24.6,7.3,4.3,14.7,20.8,98.9
1995-96,NBA,CHH,41,41,6,,27.8,6-6,215,,82,242.4,37.9,80.7,.470,7.1,18.5,.384,30.8,62.2,.495,19.9,25.8,.770,12.0,27.5,39.5,23.3,7.1,3.4,15.1,22.1,102.8
1994-95,NBA,CHH,50,32,2,,28.0,6-4,206,,82,241.5,37.2,78.5,.474,6.8,17.2,.397,30.4,61.3,.495,19.4,24.9,.777,10.1,29.2,39.4,25.3,7.6,4.9,14.9,20.5,100.6
1993-94,NBA,CHH,41,41,5,,27.6,6-4,202,,82,241.8,41.2,86.6,.476,4.1,11.2,.367,37.1,75.4,.493,19.9,26.0,.764,12.4,30.2,42.6,27.0,8.8,4.8,15.4,21.3,106.5
1992-93,NBA,CHH,44,38,3,,25.7,6-4,203,,82,240.9,42.8,87.9,.487,2.1,6.5,.326,40.7,81.4,.500,22.3,29.0,.771,13.4,30.6,43.9,26.4,7.8,5.8,16.2,21.8,110.1
1991-92,NBA,CHH,31,51,7,,25.2,6-4,204,,82,241.5,44.1,92.3,.477,1.4,4.5,.317,42.6,87.8,.486,20.0,26.4,.755,14.2,28.9,43.1,27.9,10.0,3.8,15.5,22.2,109.5
1990-91,NBA,CHH,26,56,7,,25.5,6-5,206,,82,241.5,40.1,85.8,.467,1.6,5.1,.314,38.5,80.7,.477,21.0,27.0,.779,12.5,26.8,39.4,24.6,9.3,3.7,15.7,23.7,102.8
1989-90,NBA,CHH,19,63,7,,25.6,6-4,204,,82,240.9,39.9,87.6,.455,2.5,7.5,.336,37.4,80.1,.466,18.1,24.0,.756,11.7,27.0,38.7,25.4,9.5,3.2,15.0,23.0,100.4
1988-89,NBA,CHH,20,62,6,,27.2,6-5,203,,82,241.2,41.8,90.6,.461,1.6,5.2,.312,40.1,85.4,.470,19.3,25.1,.767,13.9,26.8,40.7,28.3,8.6,3.2,16.1,25.2,104.5
2024-25,NBA,CHI,39,43,5,,25.2,6-7,211,,82,240.9,43.2,92.0,.470,15.4,42.0,.367,27.8,50.0,.556,16.0,19.7,.809,10.1,35.8,45.9,29.1,7.6,4.7,14.7,17.6,117.8
2023-24,NBA,CHI,39,43,4,,28.1,6-6,216,,82,243.7,42.0,89.5,.470,11.5,32.1,.358,30.6,57.4,.532,16.7,21.1,.791,11.2,32.6,43.8,25.0,7.8,4.8,12.2,18.8,112.3
2022-23,NBA,CHI,40,42,3,,27.5,6-6,214,,82,242.7,42.5,86.8,.490,10.4,28.9,.361,32.1,57.9,.555,17.6,21.8,.809,8.5,33.9,42.4,24.5,7.9,4.5,13.4,18.9,113.1
2021-22,NBA,CHI,46,36,2,,26.3,6-6,213,,82,240.6,41.7,86.9,.480,10.6,28.8,.369,31.1,58.1,.535,17.5,21.5,.813,8.7,33.7,42.3,23.9,7.1,4.1,12.8,18.8,111.6
2020-21,NBA,CHI,31,41,3,,25.6,6-6,218,,72,241.4,42.2,88.6,.476,12.6,34.0,.370,29.6,54.6,.542,13.8,17.5,.791,9.6,35.3,45.0,26.8,6.7,4.2,15.1,18.9,110.7
2019-20,NBA,CHI,22,43,3,,24.4,6-7,219,,65,241.2,39.6,88.6,.447,12.2,35.1,.348,27.4,53.5,.511,15.5,20.5,.755,10.5,31.4,41.9,23.2,10.0,4.1,15.5,21.8,106.8
2018-19,NBA,CHI,22,60,4,,24.0,6-6,219,,82,242.7,39.8,87.9,.453,9.1,25.9,.351,30.7,62.0,.496,16.2,20.7,.783,8.8,34.1,42.9,21.9,7.4,4.3,14.1,20.3,104.9
2017-18,NBA,CHI,27,55,5,,24.4,6-7,216,,82,242.1,38.7,88.8,.435,11.0,31.1,.355,27.6,57.8,.478,14.6,19.2,.759,9.6,35.0,44.7,23.5,7.6,3.5,14.0,19.2,102.9
2016-17,NBA,CHI,41,41,4,,26.9,6-7,221,,82,241.2,38.6,87.1,.444,7.6,22.3,.340,31.0,64.8,.479,18.0,22.5,.798,12.2,34.1,46.3,22.6,7.8,4.8,13.6,17.7,102.9
2015-16,NBA,CHI,42,40,4,,27.6,6-7,215,,82,242.7,38.6,87.4,.441,7.9,21.4,.371,30.7,66.1,.464,16.5,21.0,.787,11.1,35.2,46.3,22.8,6.0,5.7,13.9,18.8,101.6
2014-15,NBA,CHI,50,32,2,,28.8,6-7,210,,82,242.4,36.6,82.9,.442,7.9,22.3,.353,28.7,60.6,.474,19.7,25.2,.783,11.7,34.0,45.7,21.7,6.3,5.8,14.0,18.2,100.8
2013-14,NBA,CHI,48,34,2,,28.6,6-7,217,,82,243.0,34.7,80.2,.432,6.2,17.8,.348,28.5,62.4,.456,18.1,23.3,.779,11.4,32.7,44.1,22.7,7.2,5.2,14.9,19.1,93.7
2012-13,NBA,CHI,45,37,2,,28.0,6-6,215,,82,241.8,35.7,81.7,.437,5.4,15.4,.353,30.2,66.3,.456,16.4,21.2,.773,12.5,30.7,43.2,23.0,7.2,5.1,14.3,19.7,93.2
2011-12,NBA,CHI,50,16,1,,27.1,6-7,218,,66,241.5,37.4,82.8,.452,6.3,16.9,.375,31.0,65.8,.471,15.2,21.1,.722,13.9,32.8,46.7,23.1,6.9,5.9,14.0,17.3,96.3
2010-11,NBA,CHI,62,20,1,,26.4,6-7,220,,82,241.8,37.1,80.3,.462,6.2,17.3,.361,30.9,63.1,.489,18.2,24.5,.743,11.8,32.4,44.2,22.3,7.2,5.7,14.2,20.0,98.6
2009-10,NBA,CHI,41,41,3,,26.2,6-6,213,,82,242.7,37.6,83.2,.451,4.3,13.0,.330,33.3,70.2,.474,18.0,23.9,.754,11.4,33.1,44.5,20.8,6.5,5.8,14.3,20.1,97.5
2008-09,NBA,CHI,41,41,2,,24.9,6-6,212,,82,243.0,38.1,83.5,.457,6.0,15.8,.381,32.1,67.7,.474,19.9,25.0,.796,11.8,30.3,42.1,21.1,7.5,5.5,14.5,20.8,102.2
2007-08,NBA,CHI,33,49,4,,25.7,6-6,214,,82,241.5,36.4,83.7,.435,5.8,15.9,.363,30.6,67.8,.452,18.7,24.7,.756,12.8,30.2,43.0,22.1,7.7,5.2,14.6,21.8,97.3
2006-07,NBA,CHI,49,33,3,,26.0,6-6,214,,82,241.2,37.1,81.3,.457,5.9,15.1,.388,31.3,66.2,.473,18.6,25.4,.734,12.0,31.7,43.7,22.3,7.8,5.4,16.0,23.3,98.8
2005-06,NBA,CHI,41,41,4,,24.1,6-6,217,,82,242.7,36.6,82.2,.446,6.8,18.0,.379,29.8,64.1,.465,17.7,24.0,.738,11.0,31.7,42.8,22.0,6.2,4.2,14.9,24.9,97.8
2004-05,NBA,CHI,47,35,2,,25.0,6-6,218,,82,241.8,34.7,80.4,.432,6.2,17.5,.357,28.5,62.9,.453,18.7,25.0,.750,12.2,31.6,43.8,21.3,7.0,4.5,16.7,24.7,94.5
2003-04,NBA,CHI,23,59,8,,26.8,6-7,216,,82,241.8,34.1,82.4,.414,5.2,15.3,.342,28.9,67.0,.431,16.2,22.4,.725,12.8,30.7,43.5,21.9,8.0,4.8,16.1,23.3,89.7
2002-03,NBA,CHI,30,52,6,,25.2,6-7,220,,82,243.0,36.5,81.9,.445,4.3,12.2,.350,32.2,69.7,.462,17.7,24.6,.722,12.0,31.0,43.0,21.7,7.4,5.6,16.9,24.7,95.0
2001-02,NBA,CHI,21,61,8,,25.5,6-7,221,,82,241.5,34.3,79.2,.433,3.7,10.6,.346,30.6,68.6,.447,17.2,23.9,.722,11.3,28.8,40.0,22.2,7.7,4.4,15.3,22.4,89.5
2000-01,NBA,CHI,15,67,8,,23.2,6-6,229,,82,242.1,33.2,78.2,.424,4.0,11.6,.346,29.2,66.6,.438,17.2,23.3,.739,11.3,27.6,38.9,22.1,8.2,4.6,15.8,23.2,87.6
1999-00,NBA,CHI,17,65,8,,26.0,6-6,225,,82,241.5,31.3,75.4,.415,4.1,12.6,.329,27.1,62.8,.432,18.1,25.5,.709,12.6,28.3,40.9,20.1,7.9,4.7,19.0,23.3,84.8
1998-99,NBA,CHI,13,37,8,,28.6,6-6,212,,50,241.5,30.8,76.7,.401,3.5,12.2,.289,27.2,64.5,.422,16.8,23.7,.709,11.5,27.9,39.3,20.3,8.7,3.4,15.5,22.2,81.9
1997-98,NBA,CHI,62,20,1,,31.7,6-7,209,,82,242.1,37.4,82.9,.451,3.8,11.7,.323,33.6,71.2,.471,18.2,24.5,.743,15.2,29.7,44.9,23.8,8.5,4.3,14.4,20.6,96.7
1996-97,NBA,CHI,69,13,1,,30.7,6-7,210,,82,240.6,40.0,84.4,.473,6.4,17.1,.373,33.6,67.3,.499,16.8,22.5,.747,15.1,30.0,45.1,26.1,8.7,4.0,13.5,19.7,103.1
1995-96,NBA,CHI,72,10,1,,29.9,6-7,209,,82,240.6,40.2,84.0,.478,6.6,16.5,.403,33.5,67.6,.496,18.2,24.4,.746,15.2,29.4,44.6,24.8,9.1,4.2,14.3,22.0,105.2
1994-95,NBA,CHI,47,35,3,,28.1,6-7,206,,82,241.8,38.9,81.8,.476,5.4,14.5,.373,33.5,67.4,.498,18.3,25.2,.726,13.5,28.0,41.5,24.0,9.7,4.3,15.8,23.9,101.5
1993-94,NBA,CHI,55,27,2,,27.7,6-7,205,,82,241.2,39.6,83.1,.476,2.8,8.0,.354,36.7,75.1,.489,16.0,22.7,.705,13.9,29.2,43.1,25.6,9.0,4.3,15.9,21.3,98.0
1992-93,NBA,CHI,57,25,1,,28.1,6-7,208,,82,241.8,42.4,87.9,.482,3.0,8.2,.365,39.4,79.7,.494,17.5,23.8,.733,15.7,27.8,43.6,26.0,9.5,5.0,13.5,22.0,105.2
1991-92,NBA,CHI,67,15,1,,27.6,6-7,207,,82,241.8,44.4,87.4,.508,1.7,5.5,.304,42.7,81.9,.522,19.4,26.0,.744,14.3,29.7,44.0,27.8,8.2,5.9,13.3,20.6,109.9
1990-91,NBA,CHI,61,21,1,,26.9,6-7,209,,82,240.9,44.3,86.9,.510,1.9,5.2,.366,42.4,81.7,.519,19.6,25.7,.760,14.0,28.6,42.6,27.0,10.0,5.3,14.4,21.4,110.0
1989-90,NBA,CHI,55,27,2,,26.1,6-7,210,,82,241.8,43.1,86.5,.498,3.0,8.2,.374,40.0,78.3,.511,20.3,26.1,.778,13.1,27.8,40.9,26.5,9.9,4.7,15.2,23.2,109.5
1988-89,NBA,CHI,47,35,5,,26.4,6-7,211,,82,241.2,42.0,85.0,.495,2.1,6.5,.328,39.9,78.5,.509,20.2,25.7,.786,12.4,29.9,42.3,27.0,8.8,4.6,16.2,22.6,106.4
1987-88,NBA,CHI,50,32,2,,25.5,6-7,210,,82,242.1,41.9,85.5,.490,0.7,3.0,.230,41.2,82.6,.499,20.5,27.1,.759,14.3,30.0,44.3,26.2,8.7,5.8,15.4,22.5,105.0
1986-87,NBA,CHI,40,42,5,,25.4,6-7,210,,82,241.8,41.2,87.3,.473,1.0,3.6,.261,40.3,83.6,.482,21.4,27.5,.778,15.2,29.3,44.5,26.1,8.3,5.3,15.3,23.4,104.8
1985-86,NBA,CHI,30,52,4,,26.6,6-7,206,,82,242.1,42.4,88.1,.481,1.1,3.9,.278,41.3,84.3,.490,23.4,30.5,.769,15.6,27.8,43.4,24.5,7.4,4.9,17.5,26.4,109.3
1984-85,NBA,CHI,38,44,3,,25.2,6-7,207,,82,241.5,42.1,84.3,.500,0.4,2.0,.180,41.8,82.3,.507,24.2,30.8,.784,13.1,28.9,42.0,24.3,7.6,5.7,17.8,25.3,108.7
1983-84,NBA,CHI,27,55,5,,24.4,6-7,207,,82,243.7,40.3,85.0,.474,0.2,1.4,.171,40.1,83.6,.479,22.8,30.6,.746,13.9,28.0,42.0,25.5,8.4,5.5,19.2,26.8,103.7
1982-83,NBA,CHI,28,54,4,,24.5,6-7,208,,82,242.7,43.1,89.9,.480,0.5,2.5,.215,42.6,87.4,.487,24.2,32.8,.737,15.5,30.8,46.3,25.4,8.1,4.9,21.3,26.7,111.0
1981-82,NBA,CHI,34,48,5,,26.5,6-7,207,,82,242.4,41.1,82.0,.501,0.7,2.6,.254,40.4,79.5,.509,23.8,31.0,.767,13.7,30.8,44.5,24.9,7.1,5.9,20.0,24.5,106.6
1980-81,NBA,CHI,45,37,2,,26.5,6-8,209,,82,241.2,42.2,84.2,.501,0.5,2.2,.212,41.7,82.0,.508,24.2,31.3,.774,15.0,30.2,45.1,23.5,8.9,6.3,20.4,25.1,109.0
1979-80,NBA,CHI,30,52,4,,25.9,6-7,208,,82,242.7,41.0,84.7,.484,0.9,3.4,.255,40.1,81.3,.494,24.6,31.6,.779,13.6,30.1,43.7,26.2,8.6,4.8,20.5,26.2,107.5
1978-79,NBA,CHI,31,51,5,,26.2,6-7,203,,82,241.2,42.4,86.7,.489,,,,42.4,86.7,.489,19.9,26.6,.747,14.9,31.0,46.0,26.5,7.0,4.0,22.1,24.0,104.7
1977-78,NBA,CHI,40,42,3,,26.5,6-6,201,,82,240.9,40.6,85.9,.473,,,,40.6,85.9,.473,22.7,30.1,.754,15.2,31.4,46.6,25.8,8.1,3.9,20.3,23.5,103.9
1976-77,NBA,CHI,44,38,3,,26.1,6-6,204,,82,241.5,39.6,87.6,.452,,,,39.6,87.6,.452,19.7,26.3,.747,15.8,33.0,48.7,24.3,8.5,4.4,18.9,22.8,98.9
1975-76,NBA,CHI,24,58,4,,27.4,6-6,203,,82,241.2,37.9,91.5,.414,,,,37.9,91.5,.414,20.1,26.8,.751,16.8,33.2,50.0,20.8,7.6,3.1,17.2,24.1,95.9
1974-75,NBA,CHI,47,35,1,,30.2,6-6,204,,82,242.4,38.6,86.4,.447,,,,38.6,86.4,.447,20.9,26.9,.777,13.5,34.0,47.5,22.4,8.1,4.6,18.1,23.8,98.1
1973-74,NBA,CHI,54,28,2,,28.7,6-5,206,,82,241.2,40.1,90.0,.446,,,,40.1,90.0,.446,21.8,28.2,.771,13.9,31.9,45.8,22.8,9.3,3.9,20.6,22.9,102.0
1972-73,NBA,CHI,51,31,2,,27.7,6-5,205,,82,241.5,42.4,95.5,.444,,,,42.4,95.5,.444,19.2,25.3,.759,,,48.8,24.7,,,16.5,22.9,104.1
1971-72,NBA,CHI,57,25,2,,27.5,6-5,207,,82,241.2,43.2,95.8,.451,,,,43.2,95.8,.451,24.9,32.9,.755,,,53.3,25.5,,,15.9,24.0,111.2
1970-71,NBA,CHI,51,31,2,,27.4,6-6,207,,82,240.9,42.2,93.4,.452,,,,42.2,93.4,.452,26.2,33.2,.790,,,52.7,26.1,,,16.5,21.9,110.6
1969-70,NBA,CHI,39,43,3,,26.3,6-6,211,,82,242.4,44.0,99.2,.444,,,,44.0,99.2,.444,26.9,34.9,.772,,,53.5,26.0,,,,22.7,114.9
1968-69,NBA,CHI,33,49,5,,25.7,6-6,213,,82,240.9,40.9,97.8,.418,,,,40.9,97.8,.418,22.9,31.4,.728,,,55.5,19.5,,,,25.2,104.7
1967-68,NBA,CHI,29,53,4,,25.3,6-5,207,,82,241.5,42.5,99.2,.429,,,,42.5,99.2,.429,24.5,33.1,.738,,,62.4,18.6,,,,26.0,109.5
1966-67,NBA,CHI,33,48,4,,25.6,6-5,207,,81,240.6,44.0,105.0,.419,,,,44.0,105.0,.419,25.1,34.4,.732,,,65.4,22.6,,,,27.2,113.2
2024-25,NBA,CLE,64,18,1,,26.6,6-6,215,,82,240.9,44.5,90.8,.491,15.9,41.5,.383,28.6,49.3,.581,17.0,21.9,.776,11.2,34.2,45.4,28.1,8.2,4.3,13.2,18.1,121.9
2023-24,NBA,CLE,48,34,2,,26.2,6-6,218,,82,241.5,41.8,87.2,.479,13.5,36.8,.367,28.3,50.4,.561,15.6,20.4,.765,9.8,33.4,43.3,28.0,7.4,4.6,13.6,17.5,112.6
2022-23,NBA,CLE,51,31,2,,25.4,6-6,219,,82,242.4,41.6,85.2,.488,11.6,31.6,.367,30.0,53.6,.559,17.5,22.5,.780,9.7,31.4,41.1,24.9,7.1,4.7,13.3,19.0,112.3
2021-22,NBA,CLE,44,38,3,,24.7,6-6,220,,82,240.6,39.7,84.6,.469,11.6,32.8,.355,28.1,51.9,.541,16.8,22.1,.760,10.2,34.0,44.2,25.2,7.1,4.2,14.4,17.5,107.8
2020-21,NBA,CLE,22,50,4,,24.0,6-6,223,,72,242.1,38.6,85.8,.450,10.0,29.7,.336,28.6,56.0,.510,16.7,22.4,.743,10.4,32.3,42.8,23.8,7.8,4.5,15.5,18.2,103.8
2019-20,NBA,CLE,19,46,5,,25.0,6-5,221,,65,241.9,40.3,87.9,.458,11.2,31.8,.351,29.1,56.1,.519,15.1,19.9,.758,10.8,33.4,44.2,23.1,6.9,3.2,16.5,18.3,106.9
2018-19,NBA,CLE,19,63,5,,25.2,6-6,219,,82,240.9,38.9,87.6,.444,10.3,29.1,.355,28.6,58.5,.488,16.4,20.7,.792,10.7,31.9,42.7,20.7,6.5,2.4,13.5,20.0,104.5
2017-18,NBA,CLE,50,32,1,,30.6,6-6,227,,82,240.6,40.4,84.8,.476,12.0,32.1,.372,28.4,52.6,.540,18.1,23.3,.779,8.5,33.7,42.1,23.4,7.1,3.8,13.7,18.6,110.9
2016-17,NBA,CLE,51,31,1,,29.2,6-6,228,,82,242.4,39.9,84.9,.470,13.0,33.9,.384,26.9,51.0,.528,17.5,23.3,.748,9.3,34.4,43.7,22.7,6.6,4.0,13.7,18.1,110.3
2015-16,NBA,CLE,57,25,1,,28.1,6-7,231,,82,242.1,38.7,84.0,.460,10.7,29.6,.362,27.9,54.4,.514,16.3,21.7,.748,10.6,33.9,44.5,22.7,6.7,3.9,13.6,20.3,104.3
2014-15,NBA,CLE,53,29,1,,26.9,6-7,225,,82,241.2,37.7,82.2,.458,10.1,27.5,.367,27.6,54.7,.504,17.7,23.6,.751,11.1,31.9,43.0,22.1,7.4,4.1,14.3,18.4,103.1
2013-14,NBA,CLE,33,49,3,,24.9,6-6,217,,82,243.0,37.0,84.8,.437,7.1,20.0,.356,29.9,64.8,.461,17.0,22.7,.751,12.1,32.1,44.1,21.2,7.1,3.7,14.2,20.0,98.2
2012-13,NBA,CLE,24,58,5,,24.1,6-6,216,,82,240.6,36.5,84.2,.434,6.7,19.3,.346,29.8,64.9,.460,16.8,22.3,.756,12.2,28.8,41.0,20.7,7.9,4.1,14.0,21.2,96.5
2011-12,NBA,CLE,21,45,5,,26.0,6-6,215,,66,241.9,34.3,81.2,.422,6.7,19.3,.346,27.6,61.9,.446,17.8,24.9,.716,12.7,29.5,42.3,19.8,7.1,4.0,15.4,20.0,93.0
2010-11,NBA,CLE,19,63,5,,26.6,6-6,215,,82,240.9,35.2,81.1,.434,6.2,18.2,.342,29.0,62.9,.461,18.9,25.3,.745,10.4,29.9,40.3,21.0,6.6,4.2,14.2,20.1,95.5
2009-10,NBA,CLE,61,21,1,,28.0,6-7,224,,82,241.2,37.8,77.9,.485,7.3,19.3,.381,30.5,58.6,.520,19.1,26.6,.720,9.6,32.8,42.5,22.4,6.9,5.2,13.9,19.4,102.1
2008-09,NBA,CLE,66,16,1,,26.6,6-7,218,,82,241.2,36.9,78.7,.468,8.0,20.4,.393,28.9,58.3,.495,18.6,24.5,.757,10.8,31.4,42.2,20.3,7.2,5.3,12.7,20.3,100.3
2007-08,NBA,CLE,45,37,2,,27.1,6-7,219,,82,242.1,35.8,81.7,.439,6.7,18.8,.358,29.1,62.8,.463,18.0,25.1,.717,13.3,31.3,44.6,20.0,7.1,5.2,14.0,20.9,96.4
2006-07,NBA,CLE,50,32,2,,26.9,6-7,216,,82,242.4,36.3,81.2,.447,6.0,17.1,.352,30.3,64.1,.473,18.1,26.0,.696,12.7,30.8,43.5,20.8,7.6,4.3,14.4,21.7,96.8
2005-06,NBA,CLE,50,32,2,,27.1,6-7,216,,82,241.8,35.5,78.2,.454,6.1,17.9,.339,29.4,60.3,.487,20.6,28.3,.729,11.7,30.6,42.3,19.0,6.9,4.8,13.9,21.1,97.6
2004-05,NBA,CLE,42,40,4,,26.5,6-8,224,,82,242.1,36.5,81.5,.447,3.7,11.0,.332,32.8,70.5,.465,19.9,26.5,.752,13.6,28.7,42.3,22.6,8.0,5.6,13.9,22.6,96.5
2003-04,NBA,CLE,35,47,5,,24.9,6-8,229,,82,242.1,35.6,82.4,.433,3.0,9.6,.314,32.6,72.8,.448,18.6,24.8,.753,13.6,31.9,45.6,22.0,7.1,6.5,14.8,21.3,92.9
2002-03,NBA,CLE,17,65,8,,23.5,6-7,221,,82,241.8,34.8,82.3,.422,3.6,10.9,.327,31.2,71.3,.437,18.3,24.5,.747,13.6,31.0,44.6,20.9,7.8,6.4,18.3,22.7,91.4
2001-02,NBA,CLE,29,53,7,,26.0,6-7,220,,82,242.1,36.0,80.3,.448,4.7,12.5,.377,31.2,67.8,.461,18.6,24.1,.772,11.8,30.3,42.1,23.1,7.0,5.7,14.6,21.4,95.3
2000-01,NBA,CLE,30,52,6,,26.9,6-6,225,,82,241.8,35.2,79.7,.442,2.7,8.0,.334,32.6,71.6,.455,19.0,24.9,.765,12.4,29.8,42.1,20.8,7.8,5.3,16.5,23.2,92.2
1999-00,NBA,CLE,32,50,6,,27.2,6-6,215,,82,242.1,36.3,82.1,.442,4.2,11.2,.373,32.1,70.9,.453,20.2,26.9,.750,12.3,30.5,42.8,23.7,8.7,4.4,17.4,27.1,97.0
1998-99,NBA,CLE,22,28,7,,26.7,6-6,210,,50,241.0,31.2,71.2,.439,3.6,10.7,.341,27.6,60.5,.456,20.3,27.1,.749,9.4,26.3,35.8,21.9,9.0,4.1,15.7,24.2,86.4
1997-98,NBA,CLE,47,35,5,,24.6,6-7,213,,82,241.8,34.4,75.7,.454,3.6,9.8,.372,30.7,65.9,.466,20.2,26.7,.756,11.6,28.4,40.1,23.1,9.9,5.1,17.3,23.6,92.5
1996-97,NBA,CLE,42,40,5,,26.7,6-6,217,,82,242.1,33.0,72.8,.453,5.9,15.7,.376,27.1,57.2,.474,15.6,21.6,.723,11.1,26.3,37.4,20.9,8.0,3.8,14.5,23.0,87.5
1995-96,NBA,CLE,47,35,3,,27.5,6-6,213,,82,241.8,33.7,73.1,.460,7.3,19.3,.377,26.4,53.9,.490,16.5,21.6,.763,10.6,25.1,35.6,22.2,8.2,4.1,13.1,20.5,91.1
1994-95,NBA,CLE,43,39,4,,28.3,6-6,211,,82,243.0,33.6,76.3,.441,4.9,12.6,.385,28.8,63.7,.452,18.4,24.2,.760,12.7,27.3,40.0,20.4,7.7,4.3,14.3,20.7,90.5
1993-94,NBA,CLE,47,35,4,,27.9,6-6,205,,82,242.1,38.2,82.1,.465,3.6,9.9,.362,34.6,72.2,.480,21.2,27.5,.770,13.3,28.7,42.0,25.0,8.6,5.2,13.9,20.7,101.2
1992-93,NBA,CLE,54,28,2,,28.8,6-6,202,,82,241.8,41.8,84.0,.497,3.5,9.0,.381,38.3,74.9,.511,20.7,25.8,.802,11.3,30.4,41.8,28.6,7.5,6.5,13.7,19.3,107.7
1991-92,NBA,CLE,57,25,2,,27.6,6-6,202,,82,241.5,41.8,85.7,.488,3.1,8.6,.357,38.7,77.0,.502,22.2,27.5,.805,12.7,29.9,42.6,27.6,7.5,7.6,13.1,19.0,108.9
1990-91,NBA,CLE,33,49,6,,26.8,6-7,205,,82,241.8,39.7,83.6,.475,2.0,5.8,.334,37.8,77.8,.486,20.3,26.5,.765,12.3,28.4,40.7,27.3,7.8,5.5,15.6,20.4,101.7
1989-90,NBA,CLE,42,40,4,,26.1,6-7,201,,82,242.4,39.2,85.1,.461,4.2,10.4,.407,35.0,74.7,.468,20.0,26.8,.744,13.8,29.0,42.8,25.7,7.9,6.2,15.2,20.3,102.6
1988-89,NBA,CLE,57,25,2,,26.1,6-7,203,,82,240.9,42.3,84.2,.502,2.1,5.8,.359,40.2,78.4,.513,22.2,29.7,.747,12.6,30.2,42.8,27.6,9.6,7.1,16.1,19.4,108.8
1987-88,NBA,CLE,42,40,5,,24.6,6-7,205,,82,241.2,40.4,82.4,.490,1.5,4.1,.378,38.9,78.3,.496,22.1,29.7,.744,12.4,27.9,40.3,25.2,8.9,6.4,17.5,22.4,104.5
1986-87,NBA,CLE,31,51,6,,24.6,6-7,208,,82,240.9,40.8,86.9,.470,1.0,4.1,.240,39.9,82.7,.482,21.7,31.1,.697,15.3,29.5,44.8,23.3,8.2,6.8,19.7,22.6,104.4
1985-86,NBA,CLE,29,53,5,,27.0,6-6,208,,82,241.2,42.4,88.3,.480,1.6,4.8,.338,40.8,83.5,.489,21.3,28.4,.752,13.2,29.9,43.2,25.2,7.6,5.3,17.2,27.6,107.8
1984-85,NBA,CLE,36,46,4,,26.6,6-6,208,,82,241.2,42.3,89.8,.471,1.2,4.1,.287,41.1,85.7,.480,22.8,30.4,.749,14.7,29.8,44.5,25.6,7.6,5.8,16.9,26.5,108.6
1983-84,NBA,CLE,28,54,4,,25.4,6-6,207,,82,242.1,41.0,88.2,.465,0.5,2.0,.262,40.5,86.2,.470,19.7,26.6,.743,14.8,29.1,43.9,23.5,7.7,4.6,16.2,26.9,102.3
1982-83,NBA,CLE,23,59,5,,26.4,6-6,205,,82,240.9,39.7,85.3,.465,0.4,1.5,.250,39.3,83.8,.469,17.4,24.2,.721,14.3,29.4,43.7,21.2,7.5,3.5,18.8,27.3,97.1
1981-82,NBA,CLE,15,67,6,,26.1,6-6,205,,82,241.5,41.5,89.4,.464,0.3,1.7,.182,41.2,87.8,.470,19.9,26.6,.747,14.5,26.5,41.0,22.8,7.7,4.4,16.1,26.7,103.2
1980-81,NBA,CLE,28,54,5,,25.7,6-6,209,,82,241.2,43.4,92.8,.467,0.9,3.0,.289,42.5,89.8,.473,18.1,23.3,.778,15.3,27.4,42.7,24.5,7.7,3.9,17.0,24.3,105.7
1979-80,NBA,CLE,37,45,5,,27.4,6-5,204,,82,243.0,46.5,98.1,.474,0.4,2.3,.193,46.0,95.8,.481,20.8,26.9,.772,15.9,29.0,45.0,25.7,9.3,4.2,16.7,23.6,114.1
1978-79,NBA,CLE,30,52,5,,27.3,6-6,204,,82,240.0,43.4,92.7,.468,,,,43.4,92.7,.468,19.8,25.6,.770,15.0,27.5,42.5,21.9,8.4,4.1,16.8,24.7,106.5
1977-78,NBA,CLE,43,39,3,,27.8,6-6,208,,82,242.4,42.6,94.0,.454,,,,42.6,94.0,.454,19.1,25.8,.741,14.5,32.6,47.1,21.2,8.4,5.5,16.9,22.3,104.4
1976-77,NBA,CLE,43,39,4,,27.4,6-6,205,,82,241.2,42.1,93.8,.449,,,,42.1,93.8,.449,17.9,24.3,.737,16.0,31.3,47.3,22.5,7.1,5.8,16.5,23.8,102.1
1975-76,NBA,CLE,49,33,1,,26.8,6-6,204,,82,241.5,42.6,94.0,.454,,,,42.6,94.0,.454,16.4,22.3,.737,14.5,31.6,46.1,22.5,7.8,4.8,16.2,22.8,101.7
1974-75,NBA,CLE,40,42,3,,25.9,6-6,205,,82,242.4,41.6,89.9,.462,,,,41.6,89.9,.462,15.9,21.4,.742,12.9,30.5,43.4,23.2,7.3,4.2,17.8,22.9,99.0
1973-74,NBA,CLE,29,53,4,,26.5,6-5,203,,82,240.9,41.7,94.9,.439,,,,41.7,94.9,.439,16.8,21.8,.772,15.5,30.4,45.9,25.0,7.3,3.6,18.8,23.5,100.3
1972-73,NBA,CLE,32,50,4,,26.2,6-5,204,,82,241.8,41.8,96.1,.435,,,,41.8,96.1,.435,19.0,25.4,.747,,,49.5,25.7,,,21.4,23.7,102.7
1971-72,NBA,CLE,23,59,4,,24.2,6-6,201,,82,240.9,42.2,98.5,.428,,,,42.2,98.5,.428,21.4,29.1,.736,,,50.0,25.1,,,18.2,23.6,105.8
1970-71,NBA,CLE,15,67,4,,24.3,6-6,202,,82,240.0,40.2,94.9,.424,,,,40.2,94.9,.424,21.6,29.0,.746,,,48.6,25.2,,,19.4,25.8,102.1
2024-25,NBA,DAL,39,43,3,,27.5,6-6,217,,82,240.6,42.0,87.7,.479,12.4,34.2,.364,29.5,53.6,.552,17.8,23.1,.770,10.1,33.0,43.0,25.2,7.8,5.4,14.0,17.8,114.2
2023-24,NBA,DAL,50,32,1,,26.5,6-6,217,,82,240.3,43.1,89.7,.481,14.6,39.5,.369,28.5,50.1,.569,17.0,22.5,.758,9.7,33.2,42.9,25.7,6.9,5.0,12.5,18.3,117.9
2022-23,NBA,DAL,38,44,3,,27.8,6-6,215,,82,243.0,40.0,84.3,.475,15.2,41.0,.371,24.8,43.3,.574,19.0,25.1,.755,7.6,31.2,38.8,22.9,6.3,3.7,12.2,20.7,114.2
2021-22,NBA,DAL,52,30,2,,26.7,6-6,218,,82,240.9,39.3,85.1,.461,13.1,37.4,.350,26.2,47.8,.548,16.4,21.2,.771,9.3,33.8,43.0,23.4,6.7,4.0,12.5,19.7,108.0
2020-21,NBA,DAL,42,30,1,,26.3,6-7,219,,72,240.3,41.1,87.3,.470,13.8,38.1,.362,27.3,49.2,.554,16.5,21.2,.778,9.1,34.2,43.3,22.9,6.3,4.3,12.1,19.4,112.4
2019-20,NBA,DAL,43,32,2,,26.1,6-6,217,,75,242.3,41.7,90.3,.461,15.1,41.3,.367,26.5,49.0,.541,18.6,23.8,.779,10.5,36.4,46.9,24.7,6.1,4.8,12.7,19.5,117.0
2018-19,NBA,DAL,33,49,5,,26.9,6-6,222,,82,241.2,38.8,86.9,.447,12.5,36.6,.340,26.3,50.2,.524,18.8,25.3,.742,10.1,35.2,45.3,23.4,6.5,4.3,14.2,20.1,108.9
2017-18,NBA,DAL,24,58,4,,27.7,6-6,213,,82,241.5,38.1,85.9,.444,11.8,32.8,.360,26.4,53.1,.496,14.2,18.7,.763,8.1,33.1,41.3,22.7,7.0,3.8,12.3,19.2,102.3
2016-17,NBA,DAL,33,49,5,,27.6,6-6,214,,82,241.2,36.2,82.3,.440,10.7,30.2,.355,25.5,52.2,.489,14.8,18.5,.801,7.9,30.7,38.6,20.8,7.5,3.7,11.9,19.1,97.9
2015-16,NBA,DAL,42,40,2,,30.3,6-6,223,,82,244.0,37.4,84.1,.444,9.8,28.6,.344,27.5,55.6,.495,17.7,22.3,.794,9.2,33.9,43.1,22.1,6.8,3.7,12.8,19.5,102.3
2014-15,NBA,DAL,50,32,4,,29.9,6-6,207,,82,242.4,39.7,85.8,.463,8.9,25.4,.352,30.8,60.4,.509,16.9,22.5,.752,10.5,31.8,42.3,22.5,8.1,4.5,13.0,20.0,105.2
2013-14,NBA,DAL,49,33,4,,30.6,6-6,216,,82,241.8,39.6,83.6,.474,8.8,22.9,.384,30.8,60.7,.508,16.8,21.1,.795,10.2,30.7,40.9,23.6,8.6,4.3,13.5,20.0,104.8
2012-13,NBA,DAL,41,41,4,,29.5,6-6,218,,82,243.7,38.8,84.0,.462,7.4,19.9,.372,31.4,64.2,.489,16.1,20.4,.793,9.4,32.6,41.9,23.2,7.9,5.5,14.0,20.7,101.1
2011-12,NBA,DAL,36,30,3,,31.3,6-6,213,,66,243.4,36.3,82.0,.443,7.5,22.2,.339,28.8,59.8,.482,15.6,20.2,.771,10.1,32.7,42.8,20.9,8.6,5.1,14.0,18.6,95.8
2010-11,NBA,DAL,57,25,2,,30.9,6-6,214,,82,240.3,37.4,78.8,.475,7.9,21.6,.365,29.6,57.3,.516,17.5,22.6,.777,9.5,31.9,41.4,23.8,6.8,4.3,14.0,19.2,100.2
2009-10,NBA,DAL,55,27,1,,30.7,6-6,214,,82,242.4,38.3,82.4,.464,6.8,18.3,.372,31.5,64.2,.491,18.6,22.8,.816,10.2,31.5,41.7,23.4,7.6,5.5,12.9,19.1,102.0
2008-09,NBA,DAL,50,32,3,,29.0,6-6,217,,82,241.5,38.1,82.6,.462,7.0,19.9,.350,31.2,62.7,.498,18.5,22.6,.819,11.1,31.6,42.7,21.7,7.2,5.2,12.7,19.5,101.7
2007-08,NBA,DAL,51,31,4,,28.9,6-7,219,,82,240.6,36.9,79.5,.464,6.0,17.1,.352,30.9,62.3,.495,20.6,25.3,.814,10.8,32.2,43.0,21.0,6.0,4.9,12.6,21.8,100.4
2006-07,NBA,DAL,67,15,1,,28.1,6-7,220,,82,240.9,36.7,78.6,.467,6.5,17.1,.381,30.2,61.4,.491,20.1,24.9,.805,11.2,30.7,41.9,19.9,6.8,5.0,13.9,22.4,100.0
2005-06,NBA,DAL,60,22,2,,27.5,6-7,220,,82,242.4,36.0,77.7,.462,5.1,13.6,.374,30.9,64.2,.481,22.2,28.3,.783,12.6,29.6,42.2,18.0,7.2,6.0,13.6,22.4,99.1
2004-05,NBA,DAL,58,24,2,,27.7,6-7,216,,82,240.6,37.3,81.6,.457,5.6,15.5,.364,31.6,66.1,.479,22.3,28.2,.789,12.1,30.9,42.9,19.6,8.6,5.6,13.4,22.3,102.5
2003-04,NBA,DAL,52,30,3,,27.4,6-7,218,,82,241.5,40.5,88.2,.459,6.2,17.8,.348,34.3,70.4,.488,18.0,22.6,.796,14.3,31.0,45.3,23.9,8.0,5.3,12.2,19.6,105.2
2002-03,NBA,DAL,60,22,2,,28.1,6-7,216,,82,241.2,38.5,85.1,.453,7.8,20.3,.381,30.8,64.8,.475,18.1,21.9,.829,11.1,31.0,42.1,22.4,8.1,5.5,11.6,21.1,103.0
2001-02,NBA,DAL,57,25,2,,27.6,6-7,218,,82,242.4,39.0,84.5,.462,7.6,20.1,.378,31.5,64.5,.488,19.6,24.3,.806,11.2,31.3,42.5,22.1,7.1,4.8,12.1,22.5,105.2
2000-01,NBA,DAL,53,29,3,,26.6,6-7,215,,82,241.5,37.6,81.9,.459,6.3,16.5,.381,31.3,65.4,.479,18.9,23.8,.794,10.1,31.4,41.5,21.2,7.5,6.0,13.9,23.3,100.5
1999-00,NBA,DAL,40,42,4,,26.3,6-7,213,,82,240.6,39.0,85.9,.453,6.3,16.2,.391,32.6,69.8,.468,17.2,21.4,.804,11.4,29.8,41.2,22.1,7.2,5.1,13.7,21.6,101.4
1998-99,NBA,DAL,19,31,5,,26.1,6-8,218,,50,241.5,35.0,80.7,.434,4.0,11.9,.339,30.9,68.8,.450,17.6,24.2,.728,12.9,29.6,42.5,18.4,7.0,5.8,13.8,21.3,91.6
1997-98,NBA,DAL,20,62,5,,26.3,6-7,216,,82,242.7,35.1,82.4,.427,5.1,14.4,.357,30.0,67.9,.442,16.0,21.2,.753,12.3,27.8,40.1,18.7,7.9,5.7,14.4,20.0,91.4
1996-97,NBA,DAL,24,58,4,,27.1,6-7,219,,82,241.5,34.3,78.7,.436,5.2,16.0,.327,29.1,62.6,.464,16.8,23.4,.717,12.7,27.6,40.3,20.3,8.0,4.3,16.1,21.9,90.6
1995-96,NBA,DAL,26,56,6,,25.1,6-6,216,,82,243.0,38.1,90.6,.420,9.0,24.9,.360,29.1,65.8,.443,17.4,24.1,.722,17.2,29.0,46.2,23.3,7.8,4.2,15.5,22.4,102.5
1994-95,NBA,DAL,36,46,5,,24.3,6-7,217,,82,243.0,39.4,89.5,.440,4.7,14.6,.322,34.6,74.9,.463,19.8,27.0,.734,18.5,29.7,48.1,23.7,7.1,4.2,16.4,22.1,103.2
1993-94,NBA,DAL,13,69,6,,25.3,6-7,219,,82,240.6,37.3,86.2,.432,2.9,9.4,.312,34.3,76.8,.447,17.7,23.7,.747,15.5,26.2,41.7,19.9,9.4,3.6,17.0,24.5,95.1
1992-93,NBA,DAL,11,71,6,,24.9,6-6,213,,82,240.6,38.6,88.7,.435,3.5,10.2,.338,35.1,78.5,.448,18.7,26.5,.705,15.0,27.6,42.7,20.5,7.9,4.3,17.8,28.1,99.3
1991-92,NBA,DAL,22,60,5,,28.2,6-7,212,,82,240.9,38.0,86.6,.439,3.3,9.7,.336,34.8,76.9,.452,18.3,24.4,.750,14.6,29.7,44.3,19.9,6.5,4.3,14.7,22.8,97.6
1990-91,NBA,DAL,28,54,6,,30.6,6-7,216,,82,241.5,39.6,84.0,.471,2.4,7.3,.322,37.2,76.7,.485,18.4,24.2,.761,12.0,28.8,40.8,22.2,7.1,4.8,14.5,22.4,99.9
1989-90,NBA,DAL,47,35,3,,29.2,6-7,219,,82,242.1,39.6,83.3,.475,1.9,5.9,.323,37.7,77.4,.487,21.2,27.6,.767,12.7,29.5,42.2,21.7,8.1,4.9,15.0,21.1,102.2
1988-89,NBA,DAL,38,44,4,,28.5,6-7,216,,82,241.2,39.6,84.4,.469,2.6,8.3,.310,37.0,76.0,.486,21.8,27.6,.789,12.8,29.2,42.0,22.8,7.1,5.8,15.0,21.2,103.5
1987-88,NBA,DAL,53,29,2,,27.0,6-7,220,,82,240.9,41.6,87.7,.475,1.9,6.4,.293,39.7,81.3,.489,24.1,30.6,.789,16.4,30.4,46.8,24.2,7.9,5.4,15.3,21.1,109.3
1986-87,NBA,DAL,55,27,1,,26.4,6-7,220,,82,242.4,43.8,89.9,.487,2.8,8.0,.354,41.0,82.0,.500,26.2,33.1,.791,14.9,30.4,45.3,24.6,8.4,5.2,14.7,22.8,116.7
1985-86,NBA,DAL,44,38,3,,25.8,6-7,218,,82,241.5,44.3,88.5,.501,1.7,5.4,.316,42.6,83.0,.513,25.0,32.2,.776,12.9,29.9,42.8,25.7,7.4,4.5,15.7,21.1,115.3
1984-85,NBA,DAL,44,38,3,,25.0,6-6,210,,82,242.1,43.4,88.8,.489,1.9,5.4,.343,41.6,83.4,.498,22.5,28.3,.793,13.4,28.6,42.0,26.2,7.0,4.1,14.4,21.9,111.2
1983-84,NBA,DAL,43,39,2,,24.7,6-6,209,,82,243.4,44.1,88.2,.500,0.5,2.2,.228,43.6,86.0,.507,21.6,28.7,.755,13.3,27.6,40.9,26.4,7.1,4.4,15.9,23.2,110.4
1982-83,NBA,DAL,38,44,4,,24.2,6-6,208,,82,240.6,44.8,92.1,.487,0.5,2.3,.232,44.3,89.8,.493,22.6,30.0,.752,15.8,29.0,44.8,27.2,6.7,4.2,16.4,25.2,112.7
1981-82,NBA,DAL,28,54,5,,24.4,6-6,206,,82,240.6,41.3,88.1,.469,0.7,2.3,.289,40.7,85.8,.474,21.2,28.9,.735,14.8,27.2,42.0,25.8,6.9,3.8,16.1,26.7,104.6
1980-81,NBA,DAL,15,67,6,,24.8,6-6,204,,82,241.2,39.1,84.5,.462,0.6,2.0,.279,38.5,82.5,.467,22.8,30.3,.751,13.5,26.5,40.1,24.2,6.8,2.6,17.5,24.5,101.5
2024-25,NBA,DEN,50,32,2,,27.0,6-7,225,,82,242.1,45.4,89.8,.506,12.0,31.9,.376,33.4,57.8,.578,17.9,23.3,.770,11.2,34.5,45.7,31.0,8.0,4.9,14.3,17.6,120.8
2023-24,NBA,DEN,57,25,2,,27.1,6-7,224,,82,240.3,44.0,88.8,.496,11.7,31.2,.374,32.3,57.5,.562,15.1,19.9,.762,10.7,33.7,44.4,29.5,7.1,5.6,12.6,18.2,114.9
2022-23,NBA,DEN,53,29,1,,26.6,6-6,225,,82,240.9,43.6,86.4,.504,11.8,31.2,.379,31.8,55.2,.575,16.8,22.4,.751,10.1,32.9,43.0,28.9,7.5,4.5,14.5,18.6,115.8
2021-22,NBA,DEN,48,34,2,,27.7,6-5,217,,82,241.5,41.7,86.3,.483,12.7,35.9,.353,29.0,50.4,.575,16.7,21.0,.795,9.2,34.9,44.1,27.8,7.2,3.7,14.5,20.0,112.7
2020-21,NBA,DEN,47,25,2,,26.1,6-6,222,,72,242.8,43.3,89.2,.485,12.9,34.2,.377,30.4,55.0,.552,15.7,19.5,.803,10.5,33.9,44.4,26.8,8.1,4.5,13.5,19.1,115.1
2019-20,NBA,DEN,46,27,1,,25.6,6-6,221,,73,243.1,42.0,88.9,.473,11.0,30.6,.359,31.1,58.3,.533,16.2,20.9,.777,10.8,33.4,44.1,26.7,8.0,4.6,13.8,20.3,111.3
2018-19,NBA,DEN,54,28,1,,24.9,6-6,224,,82,240.6,41.9,90.0,.466,11.0,31.4,.351,30.9,58.7,.527,15.8,20.9,.755,11.9,34.5,46.4,27.4,7.7,4.4,13.4,20.0,110.7
2017-18,NBA,DEN,46,36,5,,25.1,6-7,218,,82,242.4,40.7,86.6,.470,11.5,30.9,.371,29.2,55.7,.525,17.1,22.3,.767,11.0,33.5,44.5,25.1,7.6,4.9,15.0,18.7,110.0
2016-17,NBA,DEN,40,42,4,,25.2,6-6,218,,82,240.9,41.2,87.7,.469,10.6,28.8,.368,30.6,58.9,.519,18.7,24.2,.774,11.8,34.6,46.4,25.3,6.9,3.9,15.0,19.1,111.7
2015-16,NBA,DEN,33,49,4,,24.7,6-6,215,,82,241.8,37.7,85.4,.442,8.0,23.7,.338,29.7,61.7,.482,18.5,24.1,.766,11.5,33.1,44.6,22.7,7.4,4.8,14.7,21.0,101.9
2014-15,NBA,DEN,30,52,4,,26.4,6-6,219,,82,242.4,37.8,87.3,.433,8.0,24.8,.325,29.7,62.5,.476,17.8,24.3,.734,12.3,32.4,44.7,21.8,7.8,4.5,14.2,23.0,101.5
2013-14,NBA,DEN,36,46,4,,26.0,6-6,214,,82,240.9,38.4,85.9,.447,8.6,23.9,.358,29.8,62.0,.481,19.1,26.3,.726,12.3,33.1,45.4,22.4,7.5,5.6,15.9,23.0,104.4
2012-13,NBA,DEN,57,25,2,,26.1,6-7,216,,82,242.7,40.7,85.2,.478,6.4,18.5,.343,34.4,66.6,.516,18.4,26.2,.701,13.3,31.7,45.0,24.4,9.3,6.5,15.3,20.5,106.1
2011-12,NBA,DEN,38,28,2,,26.6,6-6,218,,66,243.0,39.0,81.9,.476,6.6,19.9,.332,32.4,62.0,.522,19.6,26.7,.735,11.2,31.9,43.1,24.0,8.2,5.0,15.4,19.7,104.1
2010-11,NBA,DEN,50,32,2,,27.3,6-6,224,,82,240.3,38.4,80.6,.476,8.1,20.8,.388,30.3,59.9,.506,22.7,29.6,.765,9.6,32.3,42.0,22.1,7.4,4.3,14.1,21.0,107.5
2009-10,NBA,DEN,53,29,1,,27.7,6-6,225,,82,241.2,38.1,81.4,.468,6.6,18.5,.359,31.5,62.9,.500,23.6,30.6,.772,10.8,30.5,41.4,21.0,8.3,5.1,13.9,22.5,106.5
2008-09,NBA,DEN,54,28,1,,27.7,6-6,224,,82,240.6,37.3,79.4,.470,6.7,18.0,.371,30.6,61.4,.499,23.1,30.3,.760,11.0,30.6,41.6,22.2,8.7,6.0,15.3,22.9,104.3
2007-08,NBA,DEN,50,32,2,,28.5,6-6,214,,82,242.1,40.3,85.8,.470,6.9,19.6,.355,33.4,66.3,.504,23.1,30.7,.751,11.2,32.9,44.1,24.7,9.2,6.7,14.7,21.1,110.7
2006-07,NBA,DEN,45,37,2,,26.5,6-6,215,,82,241.2,38.6,83.0,.465,5.9,17.6,.336,32.7,65.4,.500,22.3,29.9,.746,12.2,31.2,43.4,23.4,8.3,5.3,16.5,21.4,105.4
2005-06,NBA,DEN,44,38,1,,27.4,6-5,213,,82,243.0,37.5,81.4,.461,4.3,13.1,.325,33.3,68.2,.487,21.0,28.2,.744,11.0,30.3,41.3,23.4,8.5,5.6,14.8,22.7,100.3
2004-05,NBA,DEN,49,33,2,,26.7,6-6,213,,82,240.9,37.0,80.7,.459,3.9,11.5,.340,33.1,69.2,.479,21.5,28.2,.763,11.8,30.2,42.0,23.9,9.1,6.0,14.9,22.9,99.5
2003-04,NBA,DEN,43,39,6,,25.6,6-6,215,,82,240.6,36.5,82.5,.443,4.0,12.0,.336,32.5,70.5,.461,20.2,26.3,.767,13.2,29.1,42.3,21.9,9.1,6.3,15.6,22.0,97.2
2002-03,NBA,DEN,17,65,7,,24.1,6-7,221,,82,240.6,32.8,79.8,.411,2.8,10.0,.278,30.0,69.8,.430,15.8,22.6,.699,13.6,28.8,42.4,21.2,8.7,5.1,18.5,25.1,84.2
2001-02,NBA,DEN,27,55,6,,28.2,6-6,213,,82,241.5,35.5,83.8,.424,5.2,15.7,.329,30.4,68.1,.446,15.9,21.4,.744,13.6,28.2,41.8,22.2,7.5,5.6,14.7,22.8,92.2
2000-01,NBA,DEN,40,42,6,,27.9,6-6,209,,82,241.2,36.3,83.9,.433,6.2,17.6,.355,30.1,66.3,.454,17.7,24.0,.737,12.7,31.5,44.2,24.0,6.7,6.6,13.9,22.2,96.6
1999-00,NBA,DEN,35,47,5,,25.9,6-7,211,,82,242.1,37.3,84.3,.442,5.7,17.0,.336,31.5,67.2,.469,18.7,25.8,.724,13.1,31.6,44.7,23.3,6.8,7.5,15.6,23.9,99.0
1998-99,NBA,DEN,14,36,6,,24.6,6-5,210,,50,240.5,33.6,79.8,.421,6.0,18.4,.328,27.6,61.3,.450,20.2,26.5,.762,12.9,27.8,40.8,19.4,7.5,5.5,14.8,22.9,93.5
1997-98,NBA,DEN,11,71,7,,26.5,6-6,214,,82,240.6,32.6,78.2,.417,3.5,10.9,.323,29.1,67.3,.433,20.2,26.2,.772,12.7,26.3,39.0,18.9,8.1,4.8,16.0,23.6,89.0
1996-97,NBA,DEN,21,61,5,,28.6,6-6,212,,82,243.0,35.8,81.5,.439,7.8,20.9,.372,28.0,60.7,.462,18.5,24.3,.761,12.1,29.9,42.0,23.0,6.1,5.9,16.6,21.8,97.8
1995-96,NBA,DEN,35,47,4,,26.8,6-7,212,,82,241.8,36.6,81.2,.451,4.8,14.0,.346,31.8,67.2,.473,19.7,26.5,.743,12.9,30.3,43.2,22.6,6.4,7.3,15.4,23.0,97.7
1994-95,NBA,DEN,41,41,4,,26.6,6-7,210,,82,243.7,37.8,78.8,.479,5.0,14.1,.356,32.7,64.6,.507,20.7,28.1,.738,12.7,29.3,42.0,22.4,8.0,7.1,16.8,25.2,101.3
1993-94,NBA,DEN,42,40,4,,24.8,6-6,211,,82,240.9,38.5,82.7,.465,2.1,7.3,.285,36.4,75.4,.483,21.2,29.5,.718,13.5,31.2,44.7,21.5,8.3,8.4,17.3,23.5,100.3
1992-93,NBA,DEN,36,46,4,,24.8,6-6,207,,82,241.8,40.9,88.8,.460,1.7,5.5,.304,39.2,83.3,.471,21.8,28.8,.756,15.4,31.3,46.7,21.2,7.9,6.9,17.2,24.9,105.2
1991-92,NBA,DEN,24,58,4,,25.7,6-7,204,,82,241.2,39.8,90.0,.442,1.5,5.1,.301,38.2,84.9,.450,18.6,25.2,.738,16.5,28.7,45.1,18.9,9.4,5.6,17.6,24.2,99.7
1990-91,NBA,DEN,20,62,7,,26.5,6-6,205,,82,240.6,47.6,108.1,.440,3.7,12.9,.283,43.9,95.2,.461,21.0,27.6,.763,18.5,30.9,49.4,24.5,10.4,5.0,16.2,27.3,119.9
1989-90,NBA,DEN,43,39,4,,29.5,6-5,198,,82,241.5,45.3,97.7,.464,2.8,8.3,.337,42.5,89.5,.475,21.2,26.8,.789,14.3,30.9,45.1,27.7,9.9,4.0,13.9,25.0,114.6
1988-89,NBA,DEN,44,38,3,,29.8,6-5,197,,82,242.4,46.5,99.3,.468,2.8,8.2,.337,43.7,91.0,.480,22.2,28.2,.787,14.7,30.6,45.4,27.8,9.9,5.3,14.9,25.5,118.0
1987-88,NBA,DEN,54,28,1,,28.7,6-5,198,,82,241.2,46.0,97.1,.474,2.3,6.9,.342,43.6,90.2,.484,22.5,27.9,.804,14.2,29.8,44.0,28.0,10.1,4.9,14.5,24.2,116.7
1986-87,NBA,DEN,37,45,4,,28.2,6-6,196,,82,241.2,45.7,97.0,.471,1.3,4.8,.271,44.4,92.2,.481,24.1,31.3,.769,15.8,28.9,44.7,28.3,9.2,5.1,14.8,26.6,116.7
1985-86,NBA,DEN,47,35,2,,28.1,6-6,197,,82,240.9,45.2,96.0,.471,0.9,3.7,.233,44.3,92.2,.480,23.5,29.5,.798,14.9,28.3,43.2,26.1,10.1,5.1,16.3,26.4,114.8
1984-85,NBA,DEN,52,30,1,,28.3,6-6,199,,82,241.8,47.3,97.3,.486,0.9,2.9,.311,46.4,94.4,.491,24.6,31.3,.785,16.2,28.1,44.3,27.6,10.9,5.2,16.9,26.2,120.0
1983-84,NBA,DEN,38,44,3,,27.0,6-6,204,,82,241.5,48.0,97.4,.493,0.9,3.1,.302,47.0,94.2,.499,26.8,32.8,.818,13.8,29.8,43.6,30.3,8.7,4.3,16.4,27.8,123.7
1982-83,NBA,DEN,45,37,2,,27.2,6-6,202,,82,240.6,48.2,97.5,.494,0.3,1.5,.190,47.9,96.0,.499,26.6,32.9,.808,14.8,30.8,45.6,28.5,9.6,4.3,18.2,25.5,123.2
1981-82,NBA,DEN,46,36,2,,27.0,6-5,201,,82,241.8,48.5,93.4,.520,0.5,1.8,.268,48.0,91.5,.525,28.9,36.3,.796,14.0,29.8,43.8,27.7,8.1,4.5,17.9,26.0,126.5
1980-81,NBA,DEN,37,45,4,,26.8,6-5,204,,82,243.4,46.1,97.1,.475,0.4,1.8,.207,45.8,95.3,.480,29.1,37.2,.783,16.2,30.5,46.6,24.8,8.8,4.6,17.6,25.7,121.8
1979-80,NBA,DEN,30,52,3,,27.1,6-6,203,,82,241.8,42.2,91.1,.463,1.0,3.1,.325,41.2,88.0,.468,22.8,31.0,.737,16.0,30.8,46.8,25.4,9.1,4.9,18.7,23.4,108.3
1978-79,NBA,DEN,47,35,2,,26.2,6-6,205,,82,240.3,42.9,89.2,.481,,,,42.9,89.2,.481,25.0,34.6,.720,15.9,31.7,47.6,26.4,8.2,5.1,20.3,25.7,110.7
1977-78,NBA,DEN,48,34,1,,25.2,6-6,201,,82,241.8,43.3,90.7,.477,,,,43.3,90.7,.477,25.2,33.0,.765,14.4,33.4,47.7,26.7,10.0,5.1,21.3,25.8,111.8
1976-77,NBA,DEN,50,32,1,,27.3,6-5,203,,82,241.2,43.8,91.1,.481,,,,43.8,91.1,.481,25.0,33.9,.738,15.7,32.9,48.6,27.6,11.6,5.7,24.5,26.1,112.6
1975-76,ABA,DNA,60,24,1,,25.4,6-5,203,,84,241.8,48.3,95.7,.505,0.5,2.1,.230,47.8,93.5,.511,24.7,31.8,.779,15.6,33.0,48.7,29.1,10.6,6.4,20.9,23.7,121.9
1974-75,ABA,DNA,65,19,1,,25.2,6-6,199,,84,242.1,47.1,92.4,.509,0.3,1.2,.216,46.8,91.2,.513,24.3,30.3,.802,15.3,30.1,45.4,29.2,11.6,6.0,21.7,24.6,118.7
1973-74,ABA,DNR,37,47,5,,25.5,6-6,207,,84,241.5,42.3,95.7,.442,1.3,3.9,.329,41.0,91.9,.447,21.1,27.0,.782,17.3,32.1,49.4,23.9,7.1,4.9,17.6,24.8,107.0
1972-73,ABA,DNR,47,37,3,,24.8,6-6,207,,84,238.6,40.9,89.3,.458,0.9,3.6,.246,40.0,85.7,.467,26.8,35.6,.753,17.3,31.8,49.1,23.0,7.8,4.4,19.0,26.6,109.4
1971-72,ABA,DNR,34,50,4,,25.6,6-5,199,,84,241.8,44.1,98.2,.449,0.5,2.1,.230,43.6,96.1,.454,23.3,31.0,.751,19.4,34.0,53.3,23.8,,,17.3,27.8,111.9
1970-71,ABA,DNR,30,54,5,,25.0,6-6,203,,84,243.3,45.9,104.5,.439,1.2,4.8,.254,44.6,99.7,.448,25.7,33.8,.760,20.9,36.8,57.7,19.5,,,19.7,23.8,118.6
1969-70,ABA,DNR,51,33,1,,24.6,6-5,204,,84,242.4,44.6,99.8,.447,2.2,8.1,.275,42.3,91.6,.462,24.1,32.3,.746,19.3,38.4,57.7,19.3,,,16.7,24.6,115.4
1968-69,ABA,DNR,44,34,3,,25.6,6-5,203,,78,242.2,43.9,96.8,.454,1.0,4.0,.252,42.9,92.8,.462,26.0,35.5,.732,17.6,35.1,52.8,15.9,,,17.1,26.9,114.9
1967-68,ABA,DNR,45,33,3,,24.3,6-5,204,,78,241.3,40.0,93.2,.429,0.3,1.9,.168,39.7,91.3,.434,25.4,34.9,.727,,,52.8,13.4,,,16.6,25.5,105.7
2024-25,NBA,DET,44,38,4,,25.8,6-6,214,,82,241.5,42.7,89.8,.476,12.8,35.4,.362,29.9,54.4,.550,17.2,22.3,.774,11.4,33.4,44.8,26.4,8.0,5.3,14.9,20.7,115.5
2023-24,NBA,DET,14,68,5,,23.8,6-6,218,,82,240.9,40.9,88.2,.463,11.0,31.7,.348,29.8,56.5,.528,17.0,21.7,.785,10.5,32.8,43.3,25.5,6.5,4.7,15.2,20.6,109.9
2022-23,NBA,DET,17,65,5,,24.1,6-6,218,,82,241.5,39.6,87.1,.454,11.4,32.4,.351,28.2,54.6,.516,19.8,25.7,.771,11.2,31.3,42.4,23.0,7.0,3.8,15.1,22.1,110.3
2021-22,NBA,DET,23,59,5,,23.6,6-6,215,,82,241.2,38.2,88.6,.431,11.3,34.6,.326,26.9,54.0,.498,17.2,22.0,.782,11.0,32.0,43.0,23.5,7.7,4.8,14.2,21.9,104.8
2020-21,NBA,DET,20,52,5,,24.5,6-6,217,,72,242.1,38.7,85.6,.452,11.6,32.9,.351,27.1,52.7,.515,17.8,23.4,.759,9.6,33.1,42.7,24.2,7.4,5.2,14.9,20.5,106.6
2019-20,NBA,DET,20,46,4,,25.9,6-6,218,,66,241.9,39.3,85.7,.459,12.0,32.7,.367,27.3,53.0,.515,16.6,22.4,.743,9.8,32.0,41.7,24.1,7.4,4.5,15.3,19.7,107.2
2018-19,NBA,DET,41,41,3,,26.9,6-5,225,,82,242.1,38.8,88.3,.440,12.1,34.8,.348,26.7,53.5,.500,17.3,23.1,.747,11.4,33.6,45.0,22.5,6.9,4.0,13.8,22.1,107.0
2017-18,NBA,DET,39,43,4,,25.9,6-6,224,,82,241.5,39.1,86.9,.450,10.8,28.9,.373,28.3,58.0,.488,14.7,19.8,.745,10.1,33.6,43.7,22.8,7.7,3.9,13.4,18.4,103.8
2016-17,NBA,DET,37,45,5,,25.4,6-7,229,,82,241.5,39.9,88.8,.449,7.7,23.4,.330,32.2,65.5,.492,13.9,19.3,.719,11.1,34.6,45.7,21.1,7.0,3.8,11.9,17.9,101.3
2015-16,NBA,DET,44,38,3,,25.0,6-7,230,,82,242.4,37.9,86.4,.439,9.0,26.2,.345,28.9,60.2,.480,17.1,25.5,.668,12.5,33.9,46.3,19.4,7.0,3.7,13.5,19.0,102.0
2014-15,NBA,DET,32,50,5,,25.9,6-6,222,,82,241.8,37.1,85.8,.432,8.6,24.9,.344,28.5,60.9,.468,15.8,22.4,.703,12.8,32.1,44.9,21.6,7.6,4.7,13.4,19.0,98.5
2013-14,NBA,DET,29,53,4,,24.7,6-6,222,,82,241.2,38.8,86.9,.447,6.2,19.3,.321,32.6,67.6,.483,17.3,25.7,.670,14.6,30.8,45.4,20.9,8.4,4.8,14.5,20.3,101.0
2012-13,NBA,DET,29,53,4,,25.3,6-7,225,,82,241.5,36.3,81.0,.449,6.3,17.6,.356,30.1,63.4,.474,15.9,22.8,.699,12.1,30.0,42.1,21.2,7.0,4.9,15.1,19.8,94.9
2011-12,NBA,DET,25,41,4,,26.3,6-6,220,,66,241.9,34.7,79.3,.438,4.8,13.9,.346,29.9,65.4,.457,16.6,22.1,.752,11.7,28.5,40.3,18.7,7.0,4.2,15.7,19.6,90.9
2010-11,NBA,DET,30,52,4,,27.2,6-7,217,,82,242.4,37.3,81.1,.460,5.8,15.3,.376,31.5,65.7,.479,16.7,22.6,.737,11.4,27.3,38.6,21.1,7.3,4.0,13.0,19.9,97.0
2009-10,NBA,DET,27,55,5,,26.7,6-7,218,,82,241.2,35.9,80.5,.445,4.6,14.5,.314,31.3,66.0,.474,17.7,24.4,.728,12.8,27.3,40.2,19.4,7.3,3.8,13.4,22.2,94.0
2008-09,NBA,DET,39,43,3,,28.2,6-6,212,,82,242.7,36.4,80.0,.454,4.6,13.2,.349,31.8,66.8,.475,16.9,22.5,.751,11.6,29.9,41.4,20.6,6.0,4.6,11.9,20.9,94.2
2007-08,NBA,DET,59,23,1,,28.3,6-7,214,,82,240.6,36.6,79.9,.458,5.9,16.2,.366,30.6,63.7,.481,18.4,24.0,.767,11.9,29.5,41.4,22.3,7.1,5.8,11.7,20.6,97.5
2006-07,NBA,DET,53,29,1,,29.0,6-7,213,,82,242.4,35.9,79.1,.454,5.5,15.9,.344,30.4,63.2,.481,18.8,24.2,.774,11.6,29.0,40.5,21.6,7.1,5.8,12.2,20.4,96.0
2005-06,NBA,DET,64,18,1,,28.5,6-7,214,,82,241.8,36.4,80.0,.455,6.8,17.7,.384,29.6,62.3,.475,17.3,23.8,.727,11.9,28.6,40.5,24.0,7.1,6.0,11.4,18.5,96.8
2004-05,NBA,DET,54,28,1,,27.9,6-7,211,,82,243.4,34.8,78.3,.444,4.4,12.8,.345,30.3,65.5,.463,19.4,26.2,.739,12.9,30.6,43.4,21.8,7.0,6.1,13.8,20.0,93.3
2003-04,NBA,DET,54,28,2,,27.4,6-6,214,,82,241.2,33.5,77.0,.435,4.1,11.8,.344,29.4,65.2,.452,19.0,25.3,.753,12.4,30.4,42.8,20.8,8.0,7.0,15.1,20.3,90.1
2002-03,NBA,DET,50,32,1,,29.0,6-6,215,,82,242.7,32.9,76.5,.430,6.5,18.1,.358,26.4,58.4,.452,19.0,24.6,.771,10.8,29.8,40.6,19.8,6.8,5.7,13.5,21.3,91.4
2001-02,NBA,DET,50,32,1,,29.5,6-6,214,,82,240.0,34.7,76.8,.452,6.9,18.4,.376,27.8,58.4,.475,18.0,23.8,.756,9.9,28.9,38.7,21.5,7.9,6.9,14.5,20.7,94.3
2000-01,NBA,DET,32,50,5,,27.1,6-6,213,,82,242.1,35.6,83.9,.424,4.7,13.6,.350,30.9,70.3,.439,19.6,27.2,.721,13.5,32.0,45.5,19.9,7.5,5.5,15.9,23.8,95.6
1999-00,NBA,DET,42,40,4,,28.3,6-6,213,,82,241.8,37.1,80.9,.459,5.4,14.9,.359,31.8,66.0,.481,23.9,30.6,.781,11.2,30.0,41.2,20.8,8.1,3.3,15.7,24.5,103.5
1998-99,NBA,DET,29,21,3,,27.7,6-6,215,,50,241.0,33.2,74.3,.447,5.0,13.6,.365,28.2,60.7,.465,19.0,25.7,.740,12.1,28.2,40.3,20.2,8.9,4.2,15.8,22.8,90.4
1997-98,NBA,DET,37,45,6,,27.2,6-6,213,,82,243.4,34.9,77.7,.449,3.6,11.4,.312,31.3,66.3,.473,20.8,27.9,.745,12.7,28.5,41.2,19.5,8.3,4.2,14.6,22.0,94.2
1996-97,NBA,DET,54,28,3,,28.2,6-6,210,,82,241.8,34.5,74.3,.464,7.1,18.3,.388,27.4,56.0,.488,18.1,24.3,.745,10.5,28.0,38.4,19.0,7.7,3.5,12.7,20.1,94.2
1995-96,NBA,DET,46,36,5,,26.8,6-6,212,,82,241.8,34.3,74.7,.459,6.6,16.5,.404,27.6,58.2,.475,20.2,26.9,.751,10.8,29.8,40.5,19.6,6.2,4.3,14.8,23.8,95.4
1994-95,NBA,DET,28,54,7,,26.9,6-6,215,,82,240.6,37.3,80.9,.461,6.0,17.0,.354,31.3,63.9,.490,17.5,23.7,.741,11.7,26.9,38.6,22.8,8.6,5.1,16.1,26.2,98.2
1993-94,NBA,DET,20,62,7,,27.5,6-6,206,,82,240.6,38.6,85.6,.452,4.4,12.7,.344,34.3,72.9,.470,15.3,20.9,.731,12.5,28.3,40.8,21.5,7.3,3.8,15.1,23.6,96.9
1992-93,NBA,DET,40,42,6,,29.9,6-6,208,,82,241.2,39.8,87.9,.453,3.6,11.1,.322,36.3,76.9,.472,17.4,23.9,.729,15.8,28.2,44.0,23.7,7.1,3.0,14.0,21.3,100.6
1991-92,NBA,DET,48,34,3,,30.1,6-6,208,,82,241.2,38.9,83.7,.465,2.0,6.4,.314,36.9,77.3,.477,19.1,25.7,.743,14.8,29.5,44.3,23.2,6.7,4.4,14.8,20.1,98.9
1990-91,NBA,DET,50,32,2,,30.5,6-6,213,,82,241.5,39.0,83.8,.465,1.6,5.4,.298,37.4,78.5,.476,20.6,27.0,.763,14.7,29.9,44.6,22.3,5.9,4.5,14.4,22.8,100.1
1989-90,NBA,DET,59,23,1,,29.5,6-6,212,,82,241.5,40.6,85.1,.478,2.2,6.6,.327,38.5,78.5,.490,20.9,27.5,.761,14.5,30.0,44.4,24.3,6.2,5.1,15.0,23.9,104.3
1988-89,NBA,DET,63,19,1,,28.6,6-6,212,,82,241.8,41.4,83.9,.494,1.5,4.9,.300,39.9,79.0,.505,22.3,29.0,.769,14.1,31.0,45.1,24.7,6.4,5.0,16.3,23.6,106.6
1987-88,NBA,DET,54,28,1,,27.4,6-6,212,,82,241.2,42.2,85.6,.493,0.7,2.5,.287,41.5,83.1,.499,24.1,31.9,.757,14.4,30.3,44.7,24.5,7.2,4.8,16.4,23.9,109.2
1986-87,NBA,DET,52,30,2,,26.7,6-6,211,,82,241.8,43.2,88.3,.490,0.5,2.1,.231,42.7,86.2,.496,24.3,31.7,.765,15.2,32.3,47.5,24.6,7.8,5.3,17.3,25.3,111.2
1985-86,NBA,DET,46,36,3,,26.5,6-6,213,,82,241.2,45.8,94.5,.484,0.7,2.2,.302,45.1,92.3,.489,22.0,28.0,.783,15.6,30.0,45.6,28.3,9.0,4.1,16.4,25.6,114.2
1984-85,NBA,DET,46,36,2,,26.9,6-6,211,,82,241.8,46.8,97.5,.480,0.5,2.4,.226,46.3,95.1,.487,21.7,27.6,.788,17.1,30.9,48.0,28.1,8.4,4.8,16.4,25.3,116.0
1983-84,NBA,DET,49,33,2,,25.4,6-6,211,,82,242.7,46.3,96.5,.480,0.4,1.7,.227,45.9,94.7,.485,24.1,31.1,.775,17.4,29.7,47.1,27.5,8.5,5.1,16.0,26.5,117.1
1982-83,NBA,DET,37,45,3,,24.6,6-6,211,,82,242.4,44.2,92.7,.477,0.9,3.3,.265,43.3,89.4,.484,23.4,31.6,.742,16.0,30.2,46.2,25.7,8.3,7.0,19.0,25.9,112.7
1981-82,NBA,DET,39,43,3,,24.4,6-6,211,,82,241.8,43.4,90.1,.482,0.6,2.6,.244,42.8,87.5,.489,23.6,31.5,.751,15.8,28.6,44.4,24.7,9.0,6.9,19.9,26.3,111.1
1980-81,NBA,DET,21,61,6,,24.3,6-6,207,,82,240.9,39.5,85.2,.463,0.2,1.0,.155,39.3,84.2,.467,20.6,28.4,.725,14.6,25.7,40.4,22.2,10.8,6.0,21.5,25.9,99.7
1979-80,NBA,DET,16,66,6,,24.7,6-6,205,,82,241.2,44.4,92.6,.480,0.7,2.7,.260,43.7,90.0,.486,19.4,26.2,.740,15.0,29.5,44.4,23.8,9.5,6.9,21.2,25.2,108.9
1978-79,NBA,DET,30,52,4,,25.4,6-6,206,,82,241.2,45.2,95.1,.475,,,,45.2,95.1,.475,19.6,27.3,.717,15.9,29.0,44.9,25.5,10.3,6.7,19.5,26.1,110.0
1977-78,NBA,DET,38,44,4,,25.9,6-6,209,,82,242.1,43.3,90.5,.478,,,,43.3,90.5,.478,22.3,30.4,.736,15.0,31.7,46.7,22.4,10.6,4.0,22.7,24.1,109.0
1976-77,NBA,DET,44,38,2,,25.8,6-6,207,,82,240.6,45.9,95.0,.483,,,,45.9,95.0,.483,17.6,23.9,.736,14.3,30.4,44.7,24.4,10.7,5.6,21.0,26.8,109.4
1975-76,NBA,DET,36,46,2,,25.8,6-5,207,,82,241.2,43.0,92.7,.464,,,,43.0,92.7,.464,19.0,25.0,.760,14.7,31.0,45.7,21.4,9.6,4.0,19.7,25.4,104.9
1974-75,NBA,DET,40,42,3,,26.6,6-6,209,,82,240.3,40.1,86.0,.466,,,,40.1,86.0,.466,18.7,24.1,.776,12.2,30.7,42.9,23.4,8.3,4.6,19.0,22.8,98.9
1973-74,NBA,DET,52,30,3,,26.2,6-6,209,,82,240.9,42.1,91.6,.459,,,,42.1,91.6,.459,20.2,26.4,.764,14.6,32.7,47.3,23.9,9.7,5.1,21.5,23.5,104.4
1972-73,NBA,DET,40,42,3,,25.4,6-5,209,,82,241.2,44.7,96.5,.463,,,,44.7,96.5,.463,20.9,28.0,.745,,,50.1,23.0,,,21.2,22.1,110.3
1971-72,NBA,DET,26,56,4,,26.2,6-5,209,,82,241.5,42.5,93.5,.454,,,,42.5,93.5,.454,24.2,32.4,.747,,,48.4,20.6,,,22.5,23.8,109.1
1970-71,NBA,DET,45,37,4,,25.8,6-5,204,,82,242.1,42.3,94.3,.449,,,,42.3,94.3,.449,25.5,34.2,.745,,,47.8,20.7,,,20.0,24.0,110.1
1969-70,NBA,DET,31,51,7,,26.2,6-5,203,,82,242.1,43.5,93.4,.466,,,,43.5,93.4,.466,25.8,35.1,.734,,,46.7,20.8,,,,23.5,112.8
1968-69,NBA,DET,32,50,6,,26.2,6-5,204,,82,240.9,44.0,97.5,.451,,,,44.0,97.5,.451,26.1,36.9,.708,,,54.5,21.4,,,,25.7,114.1
1967-68,NBA,DET,40,42,4,,26.0,6-5,207,,82,241.2,45.8,102.3,.448,,,,45.8,102.3,.448,27.0,38.2,.708,,,66.5,20.7,,,,27.3,118.6
1966-67,NBA,DET,30,51,5,,25.2,6-6,209,,81,241.9,43.5,105.5,.412,,,,43.5,105.5,.412,24.3,33.6,.723,,,68.0,18.1,,,,27.1,111.3
1965-66,NBA,DET,22,58,5,,25.0,6-5,210,,80,240.0,43.4,106.3,.409,,,,43.4,106.3,.409,23.5,34.2,.687,,,67.8,19.6,,,,25.2,110.3
1964-65,NBA,DET,31,49,4,,24.4,6-6,210,,80,241.6,43.3,103.7,.418,,,,43.3,103.7,.418,21.8,31.7,.689,,,67.4,20.1,,,,25.7,108.5
1963-64,NBA,DET,23,57,5,,25.5,6-6,208,,80,,41.8,99.3,.421,,,,41.8,99.3,.421,24.1,33.6,.718,,,64.3,20.4,,,,27.9,107.8
1962-63,NBA,DET,34,46,3,,24.9,6-6,209,,80,,44.2,102.4,.432,,,,44.2,102.4,.432,25.6,35.7,.717,,,66.4,21.6,,,,27.3,113.9
1961-62,NBA,DET,37,43,3,,26.0,6-5,201,,80,,43.4,104.6,.415,,,,43.4,104.6,.415,28.6,39.3,.729,,,72.8,21.5,,,,25.5,115.4
1960-61,NBA,DET,34,45,3,,25.8,6-5,200,,79,,44.1,105.8,.417,,,,44.1,105.8,.417,30.5,41.0,.743,,,73.6,23.6,,,,27.3,118.6
1959-60,NBA,DET,30,45,2,,27.1,6-5,196,,75,,41.9,105.6,.397,,,,41.9,105.6,.397,27.7,38.0,.729,,,73.2,19.6,,,,26.4,111.6
1958-59,NBA,DET,28,44,3,,27.5,6-5,195,,72,,39.0,101.5,.385,,,,39.0,101.5,.385,27.0,36.5,.740,,,67.5,18.3,,,,26.1,106.3
1957-58,NBA,DET,33,39,2,,28.4,6-5,197,,72,,38.1,101.3,.376,,,,38.1,101.3,.376,29.1,38.5,.755,,,71.8,17.6,,,,25.1,105.3
1956-57,NBA,FTW,34,38,3,,26.6,6-5,194,,72,,35.2,91.8,.383,,,,35.2,91.8,.383,26.0,34.9,.747,,,59.6,19.4,,,,22.8,96.4
1955-56,NBA,FTW,37,35,1,,27.1,6-5,199,,72,,33.3,85.8,.388,,,,33.3,85.8,.388,27.8,37.9,.734,,,55.2,24.3,,,,24.8,94.4
1954-55,NBA,FTW,43,29,1,,27.4,6-4,194,,72,,32.4,83.1,.390,,,,32.4,83.1,.390,27.6,37.6,.733,,,53.1,24.1,,,,24.3,92.4
1953-54,NBA,FTW,40,32,3,,26.7,6-4,196,,72,,27.1,72.0,.376,,,,27.1,72.0,.376,23.5,32.2,.730,,,52.6,20.5,,,,23.2,77.7
1952-53,NBA,FTW,36,33,3,,26.0,6-5,202,,69,,27.2,75.8,.359,,,,27.2,75.8,.359,26.7,36.1,.738,,,51.4,20.8,,,,30.7,81.0
1951-52,NBA,FTW,29,37,4,,26.5,6-4,198,,66,,26.8,76.0,.353,,,,26.8,76.0,.353,24.4,33.2,.733,,,54.8,21.3,,,,26.5,78.0
1950-51,NBA,FTW,32,36,3,,,,,,68,,29.4,87.2,.338,,,,29.4,87.2,.338,25.3,35.1,.720,,,54.8,16.8,,,,28.8,84.1
1949-50,NBA,FTW,40,28,3,,,,,,68,,27.6,86.8,.318,,,,27.6,86.8,.318,24.0,34.3,.701,,,,20.1,,,,30.4,79.3
1948-49,BAA,FTW,22,38,5,,,,,,60,,25.6,89.5,.286,,,,25.6,89.5,.286,23.1,33.0,.700,,,,18.0,,,,28.7,74.3
2024-25,NBA,GSW,48,34,3,,28.6,6-5,211,,82,240.6,40.8,90.4,.451,15.4,42.4,.364,25.3,48.0,.528,16.9,22.1,.764,12.5,32.8,45.4,29.1,9.4,4.8,14.0,19.2,113.8
2023-24,NBA,GSW,46,36,5,,28.4,6-5,207,,82,241.8,43.7,91.6,.477,14.8,38.9,.380,28.9,52.7,.548,15.6,20.0,.780,12.1,34.6,46.7,29.3,7.0,4.6,14.3,19.5,117.8
2022-23,NBA,GSW,44,38,4,,27.3,6-5,209,,82,241.8,43.1,90.2,.479,16.6,43.2,.385,26.5,47.0,.564,16.0,20.2,.794,10.5,34.1,44.6,29.8,7.2,3.9,16.3,21.4,118.9
2021-22,NBA,GSW,53,29,2,,27.6,6-5,205,,82,240.6,40.5,86.4,.469,14.3,39.4,.364,26.2,47.0,.557,15.6,20.3,.769,9.8,35.7,45.5,27.1,8.8,4.5,14.9,21.0,111.0
2020-21,NBA,GSW,39,33,4,,26.7,6-5,207,,72,240.3,41.3,88.2,.468,14.6,38.7,.376,26.7,49.4,.541,16.6,21.1,.785,8.0,35.1,43.0,27.7,8.2,4.8,15.0,21.2,113.7
2019-20,NBA,GSW,15,50,5,,24.4,6-6,219,,65,241.9,38.6,88.2,.438,10.4,31.3,.334,28.2,56.9,.495,18.7,23.2,.803,10.0,32.9,42.8,25.6,8.2,4.6,14.9,20.1,106.3
2018-19,NBA,GSW,57,25,1,,28.4,6-6,218,,82,241.5,44.0,89.8,.491,13.3,34.4,.385,30.8,55.3,.557,16.3,20.4,.801,9.7,36.5,46.2,29.4,7.6,6.4,14.3,21.4,117.7
2017-18,NBA,GSW,58,24,1,,28.8,6-7,221,,82,240.6,42.8,85.1,.503,11.3,28.9,.391,31.5,56.2,.560,16.6,20.3,.815,8.4,35.1,43.5,29.3,8.0,7.5,15.4,19.6,113.5
2016-17,NBA,GSW,67,15,1,,28.2,6-7,219,,82,241.2,43.1,87.1,.495,12.0,31.2,.383,31.1,55.8,.557,17.8,22.6,.788,9.4,35.0,44.4,30.4,9.6,6.8,14.8,19.3,115.9
2015-16,NBA,GSW,73,9,1,,27.4,6-6,213,,82,242.4,42.5,87.3,.487,13.1,31.6,.416,29.4,55.7,.528,16.7,21.8,.763,10.0,36.2,46.2,28.9,8.4,6.1,15.2,20.7,114.9
2014-15,NBA,GSW,67,15,1,,26.6,6-7,212,,82,240.6,41.6,87.0,.478,10.8,27.0,.398,30.8,60.0,.514,16.0,20.8,.768,10.4,34.3,44.7,27.4,9.3,6.0,14.5,19.9,110.0
2013-14,NBA,GSW,51,31,2,,26.3,6-7,215,,82,241.8,39.5,85.4,.462,9.4,24.8,.380,30.0,60.6,.496,15.9,21.1,.753,10.9,34.4,45.3,23.3,7.8,5.0,15.2,21.8,104.3
2012-13,NBA,GSW,47,35,2,,25.3,6-7,220,,82,241.5,38.2,83.4,.458,8.0,19.9,.403,30.1,63.5,.475,16.8,21.3,.790,10.8,34.2,45.0,22.5,6.9,4.2,15.1,21.4,101.2
2011-12,NBA,GSW,23,43,4,,25.3,6-6,215,,66,241.1,37.7,82.5,.457,7.9,20.5,.388,29.8,62.0,.480,14.4,18.7,.770,9.7,29.5,39.2,22.3,8.0,5.5,13.9,21.4,97.8
2010-11,NBA,GSW,36,46,3,,25.2,6-6,210,,82,241.8,39.6,85.9,.461,8.4,21.3,.392,31.3,64.6,.484,15.7,20.7,.761,11.6,28.9,40.5,22.5,9.0,5.0,14.6,22.0,103.4
2009-10,NBA,GSW,26,56,4,,25.1,6-5,208,,82,240.6,40.6,86.5,.469,7.7,20.6,.375,32.9,65.9,.499,19.9,25.4,.782,9.2,29.2,38.4,22.4,9.3,4.1,14.7,23.0,108.8
2008-09,NBA,GSW,29,53,3,,25.0,6-6,211,,82,242.4,39.4,86.0,.458,6.7,18.0,.373,32.7,68.0,.480,23.1,29.2,.791,11.6,30.4,42.0,20.9,7.8,6.4,14.6,22.5,108.6
2007-08,NBA,GSW,48,34,3,,25.5,6-6,214,,82,241.2,41.5,90.3,.459,9.3,26.6,.348,32.2,63.7,.506,18.8,24.9,.752,12.7,30.4,43.2,22.4,9.1,4.6,13.2,22.9,111.0
2006-07,NBA,GSW,42,40,3,,24.6,6-6,217,,82,240.9,39.8,86.0,.463,8.5,24.0,.356,31.2,62.0,.504,18.5,25.8,.717,11.5,30.0,41.4,23.8,9.1,5.7,16.0,23.6,106.5
2005-06,NBA,GSW,34,48,5,,25.6,6-6,222,,82,241.8,35.8,82.7,.433,7.6,22.3,.341,28.2,60.4,.467,19.2,26.7,.718,12.0,30.3,42.3,20.7,7.4,4.4,14.1,23.7,98.5
2004-05,NBA,GSW,34,48,5,,26.7,6-6,220,,82,242.7,36.9,85.8,.430,7.6,21.6,.352,29.3,64.2,.457,17.2,23.8,.722,13.0,29.7,42.7,22.1,7.8,5.1,13.6,22.4,98.7
2003-04,NBA,GSW,37,45,4,,28.1,6-6,220,,82,242.1,35.1,79.4,.442,5.2,15.6,.334,29.8,63.8,.468,17.9,24.7,.725,12.2,30.9,43.1,20.5,7.0,4.7,14.8,20.6,93.3
2002-03,NBA,GSW,38,44,6,,24.4,6-6,220,,82,240.9,37.3,84.6,.441,5.2,15.1,.344,32.1,69.6,.462,22.6,29.0,.778,15.7,31.0,46.7,20.9,7.2,6.2,15.8,21.8,102.4
2001-02,NBA,GSW,21,61,7,,24.8,6-7,224,,82,241.2,36.6,85.2,.429,3.9,12.1,.322,32.7,73.1,.447,20.6,28.6,.722,16.3,30.4,46.7,20.8,7.9,6.4,16.8,23.0,97.7
2000-01,NBA,GSW,17,65,7,,26.6,6-6,216,,82,241.2,35.8,87.5,.409,3.4,11.8,.293,32.4,75.7,.427,17.4,24.7,.706,16.4,29.1,45.5,21.8,9.0,5.0,15.9,21.1,92.5
1999-00,NBA,GSW,19,63,6,,26.9,6-6,215,,82,240.9,36.5,87.1,.420,4.2,13.0,.323,32.3,74.0,.437,18.3,26.2,.697,15.9,29.7,45.6,22.6,8.9,4.3,15.9,24.9,95.5
1998-99,NBA,GSW,21,29,6,,28.1,6-5,213,,50,242.5,34.6,83.5,.415,3.2,11.3,.287,31.4,72.2,.435,15.9,23.5,.676,16.3,31.2,47.5,20.7,8.3,4.4,15.4,25.4,88.3
1997-98,NBA,GSW,19,63,6,,25.9,6-6,217,,82,241.8,34.7,83.9,.413,2.3,8.5,.272,32.4,75.5,.429,16.6,23.3,.710,15.7,30.2,45.9,20.8,7.6,5.5,16.7,22.7,88.3
1996-97,NBA,GSW,30,52,7,,26.7,6-6,208,,82,242.7,36.5,80.1,.456,5.9,16.6,.353,30.7,63.5,.483,20.7,26.6,.778,13.2,27.5,40.8,22.2,7.5,4.4,17.2,21.8,99.6
1995-96,NBA,GSW,36,46,6,,27.0,6-6,205,,82,240.9,37.3,81.7,.456,5.5,14.6,.373,31.8,67.1,.474,21.6,28.5,.759,14.3,27.9,42.2,23.0,8.6,5.7,16.4,22.4,101.6
1994-95,NBA,GSW,26,56,6,,26.0,6-6,209,,82,242.7,39.2,83.8,.468,6.7,19.5,.341,32.6,64.3,.507,20.6,29.2,.704,13.4,28.9,42.3,24.6,7.9,4.8,18.3,22.0,105.7
1993-94,NBA,GSW,50,32,3,,25.0,6-5,210,,82,241.2,42.8,87.1,.492,3.5,10.5,.339,39.3,76.7,.512,18.6,28.1,.664,14.4,29.2,43.6,26.8,9.8,6.2,17.5,21.8,107.9
1992-93,NBA,GSW,34,48,6,,25.0,6-5,213,,82,242.7,42.4,88.0,.482,3.6,10.4,.350,38.7,77.6,.499,21.6,30.1,.717,14.9,29.1,43.9,24.5,8.5,4.7,17.7,25.1,109.9
1991-92,NBA,GSW,55,27,2,,25.5,6-5,210,,82,242.4,45.9,90.6,.507,3.1,9.3,.333,42.8,81.3,.527,23.7,31.8,.746,13.9,29.0,42.8,25.2,10.4,4.6,16.5,25.0,118.7
1990-91,NBA,GSW,44,38,4,,26.5,6-5,208,,82,241.5,43.5,89.6,.485,3.3,9.8,.337,40.2,79.8,.504,26.4,33.7,.783,13.6,28.1,41.7,23.8,9.8,4.6,16.6,26.9,116.6
1989-90,NBA,GSW,37,45,5,,26.0,6-6,202,,82,240.3,42.5,87.9,.484,3.0,9.1,.324,39.6,78.8,.503,28.2,34.9,.809,11.2,29.1,40.2,24.1,9.2,6.0,17.3,24.5,116.3
1988-89,NBA,GSW,43,39,4,,26.0,6-7,201,,82,242.7,45.5,97.3,.468,2.4,7.7,.308,43.1,89.6,.481,23.2,29.1,.799,16.1,31.2,47.4,24.5,10.1,7.8,18.1,23.7,116.6
1987-88,NBA,GSW,20,62,5,,25.4,6-7,205,,82,241.2,42.2,90.3,.468,1.1,3.8,.292,41.1,86.5,.475,21.4,26.9,.796,13.9,27.5,41.4,24.5,9.0,3.5,17.0,26.3,107.0
1986-87,NBA,GSW,42,40,3,,26.9,6-7,204,,82,242.7,43.3,90.4,.479,1.4,4.4,.319,41.9,86.0,.487,24.0,30.8,.780,14.5,28.7,43.2,25.4,8.7,3.9,16.5,26.1,112.0
1985-86,NBA,GSW,30,52,6,,26.8,6-6,203,,82,241.2,44.5,92.3,.482,1.1,3.4,.313,43.5,88.9,.489,23.3,30.7,.760,15.5,28.6,44.1,24.6,9.2,4.3,17.1,24.8,113.4
1984-85,NBA,GSW,22,60,6,,26.1,6-6,201,,82,242.1,42.7,92.1,.463,1.4,4.8,.282,41.3,87.3,.473,23.7,30.9,.768,16.2,26.1,42.3,21.5,9.8,3.5,17.8,26.0,110.4
1983-84,NBA,GSW,37,45,5,,25.6,6-7,199,,82,241.8,42.9,91.9,.467,0.7,2.8,.243,42.2,89.1,.474,23.4,31.4,.743,17.0,26.5,43.4,22.4,10.1,4.2,18.5,25.7,109.9
1982-83,NBA,GSW,30,52,5,,24.7,6-6,200,,82,241.2,44.2,91.6,.483,0.4,1.8,.227,43.8,89.7,.488,19.8,26.8,.737,15.6,27.9,43.5,24.0,10.4,5.2,19.6,26.1,108.6
1981-82,NBA,GSW,45,37,4,,25.1,6-6,203,,82,241.2,44.5,89.6,.496,1.1,4.0,.280,43.4,85.7,.506,20.8,29.0,.717,15.6,29.9,45.5,22.2,8.4,4.8,17.4,27.1,110.9
1980-81,NBA,GSW,39,43,4,,24.4,6-6,203,,82,240.6,43.4,88.8,.489,0.7,2.6,.286,42.7,86.3,.495,22.3,30.6,.727,17.1,28.9,46.0,24.7,7.5,3.7,18.9,26.3,109.8
1979-80,NBA,GSW,24,58,6,,26.3,6-6,203,,82,242.4,43.0,89.2,.482,0.3,1.5,.223,42.7,87.8,.486,17.2,23.3,.738,14.1,29.7,43.8,24.7,9.5,4.1,18.2,25.4,103.6
1978-79,NBA,GSW,38,44,6,,25.2,6-6,204,,82,241.2,44.2,90.9,.487,,,,44.2,90.9,.487,16.7,22.8,.730,14.3,30.6,44.9,25.2,9.4,5.1,18.3,24.7,105.1
1977-78,NBA,GSW,43,39,5,,26.6,6-6,204,,82,241.2,43.6,93.3,.467,,,,43.6,93.3,.467,18.9,25.4,.745,14.4,32.1,46.5,25.6,10.6,4.9,18.5,25.8,106.1
1976-77,NBA,GSW,46,36,3,,25.8,6-5,198,,82,241.2,45.4,95.5,.475,,,,45.4,95.5,.475,20.1,26.5,.759,15.9,32.2,48.0,25.9,11.0,5.3,19.8,25.1,110.9
1975-76,NBA,GSW,59,23,1,,25.5,6-5,197,,82,241.8,45.0,97.3,.462,,,,45.0,97.3,.462,19.8,26.3,.751,16.5,35.5,52.0,24.9,11.3,5.1,19.7,24.7,109.8
1974-75,NBA,GSW,48,34,1,,25.8,6-5,198,,82,241.2,45.3,97.3,.465,,,,45.3,97.3,.465,17.9,23.4,.768,17.3,34.8,52.1,25.3,11.9,4.5,20.9,25.7,108.5
1973-74,NBA,GSW,44,38,2,,28.4,6-6,200,,82,240.3,45.4,97.8,.464,,,,45.4,97.8,.464,19.1,24.6,.778,16.8,37.0,53.8,24.3,8.1,5.5,20.3,23.1,109.9
1972-73,NBA,GSW,47,35,2,,28.6,6-6,199,,82,240.6,45.3,99.5,.455,,,,45.3,99.5,.455,18.2,22.8,.798,,,53.7,24.2,,,18.5,20.6,108.8
1971-72,NBA,GSW,51,31,2,,27.7,6-6,200,,82,240.3,42.4,96.6,.439,,,,42.4,96.6,.439,23.4,30.5,.767,,,54.3,22.6,,,17.3,22.4,108.2
1970-71,NBA,SFW,41,41,2,,27.4,6-6,202,,82,240.3,42.1,94.0,.448,,,,42.1,94.0,.448,22.9,30.1,.760,,,56.6,23.1,,,20.6,22.4,107.1
1969-70,NBA,SFW,30,52,6,,26.7,6-6,199,,82,241.8,43.4,100.3,.432,,,,43.4,100.3,.432,24.4,32.3,.757,,,58.2,22.7,,,,25.0,111.1
1968-69,NBA,SFW,41,41,3,,26.4,6-6,201,,82,242.7,41.6,100.2,.415,,,,41.6,100.2,.415,25.8,36.0,.719,,,62.3,22.2,,,,25.5,109.1
1967-68,NBA,SFW,43,39,3,,26.2,6-6,202,,82,241.5,44.3,104.7,.423,,,,44.3,104.7,.423,28.5,38.5,.740,,,73.5,23.2,,,,27.6,117.0
1966-67,NBA,SFW,44,37,1,,25.3,6-5,200,,81,241.9,47.1,108.9,.433,,,,47.1,108.9,.433,28.2,37.3,.756,,,73.8,23.2,,,,26.2,122.4
1965-66,NBA,SFW,35,45,4,,25.6,6-5,202,,80,240.3,44.5,106.4,.418,,,,44.5,106.4,.418,26.6,36.0,.739,,,71.6,23.4,,,,25.9,115.5
1964-65,NBA,SFW,17,63,5,,25.6,6-5,210,,80,241.9,41.5,103.1,.403,,,,41.5,103.1,.403,22.7,35.6,.640,,,71.4,20.7,,,,25.0,105.8
1963-64,NBA,SFW,48,32,1,,25.5,6-6,211,,80,,42.6,97.2,.438,,,,42.6,97.2,.438,22.5,35.3,.638,,,68.7,23.7,,,,24.7,107.7
1962-63,NBA,SFW,31,49,4,,25.7,6-5,212,,80,,47.6,105.6,.450,,,,47.6,105.6,.450,23.4,35.0,.669,,,67.0,23.8,,,,23.5,118.5
1961-62,NBA,PHW,49,31,2,,26.5,6-5,211,,80,,49.0,111.6,.439,,,,49.0,111.6,.439,27.5,40.1,.686,,,74.2,25.9,,,,25.2,125.4
1960-61,NBA,PHW,46,33,2,,27.0,6-5,211,,79,,47.7,112.4,.424,,,,47.7,112.4,.424,25.6,39.3,.651,,,75.2,24.8,,,,24.5,121.0
1959-60,NBA,PHW,49,26,2,,26.2,6-6,214,,75,,47.3,115.7,.409,,,,47.3,115.7,.409,24.0,35.8,.669,,,78.9,23.9,,,,22.9,118.6
1958-59,NBA,PHW,32,40,4,,26.9,6-4,200,,72,,39.3,103.1,.381,,,,39.3,103.1,.381,24.8,33.7,.735,,,68.2,19.1,,,,24.7,103.3
1957-58,NBA,PHW,37,35,3,,26.8,6-5,199,,72,,38.4,101.1,.380,,,,38.4,101.1,.380,27.5,36.1,.762,,,67.2,20.0,,,,24.5,104.3
1956-57,NBA,PHW,37,35,3,,26.7,6-4,194,,72,,35.9,90.7,.396,,,,35.9,90.7,.396,28.6,36.9,.776,,,59.8,20.4,,,,24.1,100.4
1955-56,NBA,PHW,45,27,1,,25.5,6-5,196,,72,,36.7,89.4,.410,,,,36.7,89.4,.410,29.8,39.3,.757,,,60.6,26.2,,,,26.0,103.1
1954-55,NBA,PHW,33,39,4,,25.2,6-4,197,,72,,33.2,87.8,.378,,,,33.2,87.8,.378,26.8,36.5,.734,,,58.9,24.2,,,,23.8,93.2
1953-54,NBA,PHW,29,43,4,,24.8,6-5,194,,72,,28.1,75.4,.372,,,,28.1,75.4,.372,22.0,31.6,.698,,,49.8,20.4,,,,24.2,78.2
1952-53,NBA,PHW,12,57,5,,26.0,6-4,195,,70,,28.4,79.2,.358,,,,28.4,79.2,.358,22.3,32.8,.679,,,53.8,21.6,,,,26.6,79.1
1951-52,NBA,PHW,33,33,4,,26.6,6-4,196,,66,,30.9,81.3,.380,,,,30.9,81.3,.380,24.8,32.5,.762,,,55.3,24.1,,,,27.4,86.5
1950-51,NBA,PHW,40,26,1,,,,,,66,,30.1,85.8,.350,,,,30.1,85.8,.350,25.2,33.0,.763,,,54.3,21.7,,,,25.9,85.4
1949-50,NBA,PHW,26,42,4,,,,,,68,,26.2,84.0,.312,,,,26.2,84.0,.312,21.0,30.0,.700,,,,16.8,,,,26.0,73.3
1948-49,BAA,PHW,28,32,4,,,,,,60,,30.5,94.9,.322,,,,30.5,94.9,.322,22.7,31.6,.717,,,,17.4,,,,24.3,83.7
1947-48,BAA,PHW,27,21,1,,,,,,48,,26.6,101.6,.262,,,,26.6,101.6,.262,20.1,28.1,.714,,,,7.0,,,,19.5,73.4
1946-47,BAA,PHW,35,25,2,,,,,,60,,25.2,89.7,.280,,,,25.2,89.7,.280,18.3,26.6,.688,,,,5.7,,,,18.0,68.6
2024-25,NBA,HOU,52,30,1,,24.9,6-6,214,,82,241.2,42.5,93.4,.455,12.7,35.8,.353,29.8,57.6,.518,16.7,22.6,.738,14.6,33.8,48.5,23.3,8.4,5.0,13.9,19.0,114.3
2023-24,NBA,HOU,41,41,3,,25.1,6-6,214,,82,242.1,41.8,91.0,.459,12.7,36.1,.352,29.0,54.8,.530,18.1,23.4,.773,11.5,34.0,45.5,24.8,7.8,4.6,12.7,20.8,114.3
2022-23,NBA,HOU,22,60,4,,22.1,6-6,214,,82,240.9,40.6,88.9,.457,10.4,31.9,.327,30.2,56.9,.530,19.1,25.3,.754,13.4,32.9,46.3,22.4,7.3,4.6,16.2,20.5,110.7
2021-22,NBA,HOU,20,62,5,,24.1,6-5,212,,82,240.9,39.4,86.4,.456,13.5,38.7,.349,25.9,47.7,.543,17.5,24.5,.713,9.6,32.4,42.0,23.6,7.3,4.7,16.5,20.6,109.7
2020-21,NBA,HOU,17,55,5,,26.5,6-5,219,,72,240.3,39.3,88.5,.444,13.8,40.6,.339,25.5,47.9,.532,16.5,22.3,.740,9.3,33.3,42.6,23.6,7.6,5.0,14.7,19.5,108.8
2019-20,NBA,HOU,44,28,1,,29.2,6-5,218,,72,241.4,40.8,90.4,.451,15.6,45.3,.345,25.1,45.2,.557,20.6,26.1,.791,9.8,34.5,44.3,21.6,8.7,5.2,14.7,21.8,117.8
2018-19,NBA,HOU,53,29,1,,29.2,6-5,219,,82,241.8,39.2,87.4,.449,16.1,45.4,.356,23.1,42.0,.551,19.3,24.4,.791,10.2,31.9,42.1,21.2,8.5,4.9,13.3,22.0,113.9
2017-18,NBA,HOU,65,17,1,,29.8,6-6,223,,82,240.9,38.7,84.2,.460,15.3,42.3,.362,23.4,41.9,.558,19.6,25.1,.781,9.0,34.5,43.5,21.5,8.5,4.8,13.8,19.5,112.4
2016-17,NBA,HOU,55,27,2,,27.4,6-6,219,,82,241.2,40.3,87.2,.462,14.4,40.3,.357,25.9,46.9,.552,20.3,26.5,.766,10.9,33.5,44.4,25.2,8.2,4.3,15.1,19.9,115.3
2015-16,NBA,HOU,41,41,4,,27.8,6-6,217,,82,241.8,37.7,83.5,.452,10.7,30.9,.347,27.0,52.6,.514,20.4,29.4,.694,11.3,31.7,43.1,22.2,10.0,5.2,15.9,21.8,106.5
2014-15,NBA,HOU,56,26,1,,27.6,6-6,211,,82,241.5,37.0,83.3,.444,11.4,32.7,.348,25.6,50.6,.506,18.6,26.0,.715,11.7,32.0,43.7,22.2,9.5,5.0,16.7,22.0,103.9
2013-14,NBA,HOU,54,28,2,,25.4,6-7,216,,82,241.8,38.0,80.5,.472,9.5,26.6,.358,28.5,54.0,.529,22.1,31.1,.712,11.2,34.1,45.3,21.4,7.6,5.6,16.1,20.4,107.7
2012-13,NBA,HOU,45,37,3,,24.4,6-7,221,,82,241.2,38.1,82.7,.461,10.6,28.9,.366,27.5,53.8,.511,19.2,25.5,.754,11.1,32.3,43.4,23.2,8.3,4.4,16.4,20.3,106.0
2011-12,NBA,HOU,34,32,4,,26.2,6-6,211,,66,243.4,37.7,84.0,.449,7.2,20.2,.359,30.5,63.8,.477,15.4,19.7,.782,11.7,30.5,42.2,21.3,7.5,4.8,14.5,20.4,98.1
2010-11,NBA,HOU,43,39,5,,26.5,6-6,212,,82,242.4,38.7,85.1,.454,8.3,22.5,.367,30.4,62.6,.486,20.3,25.4,.801,11.7,31.1,42.8,23.8,7.1,4.5,13.5,20.0,105.9
2009-10,NBA,HOU,42,40,3,,26.0,6-6,212,,82,242.7,37.7,84.4,.447,7.9,22.4,.351,29.9,62.0,.481,19.0,24.7,.772,11.8,30.1,42.0,21.8,7.1,3.9,14.5,20.9,102.4
2008-09,NBA,HOU,53,29,2,,27.9,6-7,226,,82,241.5,36.1,79.6,.453,7.6,20.2,.375,28.5,59.4,.480,18.7,23.2,.805,10.5,32.5,43.0,20.3,6.7,4.3,14.1,18.9,98.4
2007-08,NBA,HOU,55,27,3,,28.3,6-7,221,,82,240.6,36.6,81.7,.448,7.1,20.8,.342,29.5,60.9,.485,16.4,22.5,.726,12.2,32.4,44.6,21.4,7.3,5.1,13.7,19.6,96.7
2006-07,NBA,HOU,52,30,3,,28.2,6-7,219,,82,242.1,35.4,79.6,.445,8.6,23.1,.372,26.8,56.5,.475,17.5,23.2,.753,10.7,32.6,43.3,20.8,7.1,4.1,14.2,20.9,97.0
2005-06,NBA,HOU,34,48,5,,28.8,6-6,217,,82,241.8,33.0,76.2,.433,5.7,17.2,.332,27.3,59.0,.463,18.3,24.1,.759,10.4,31.3,41.6,19.3,7.2,3.9,14.5,22.7,90.1
2004-05,NBA,HOU,51,31,3,,29.7,6-7,225,,82,242.1,34.7,78.3,.443,6.7,18.5,.364,28.0,59.7,.468,18.9,24.2,.781,10.7,31.7,42.4,21.1,6.9,4.6,13.8,22.0,95.1
2003-04,NBA,HOU,45,37,5,,28.3,6-7,230,,82,243.0,33.4,75.5,.442,6.3,17.1,.366,27.1,58.4,.464,16.7,21.6,.773,10.3,32.3,42.6,19.3,6.8,5.4,16.7,21.5,89.8
2002-03,NBA,HOU,43,39,5,,25.9,6-7,224,,82,243.0,34.6,78.8,.440,5.4,15.5,.346,29.3,63.3,.462,19.1,24.9,.768,12.5,31.3,43.8,18.4,7.2,6.0,15.6,19.5,93.8
2001-02,NBA,HOU,28,54,5,,25.9,6-6,215,,82,243.7,34.6,80.8,.428,6.0,18.0,.335,28.5,62.8,.455,17.1,23.1,.741,12.5,29.4,41.9,18.1,6.5,5.4,14.1,18.0,92.3
2000-01,NBA,HOU,45,37,5,,26.7,6-6,218,,82,241.8,35.9,79.2,.453,6.1,17.2,.357,29.7,62.0,.480,19.3,25.4,.758,11.2,30.8,42.0,19.7,7.2,4.4,14.7,20.2,97.2
1999-00,NBA,HOU,34,48,6,,26.3,6-6,218,,82,241.8,36.6,81.3,.450,7.1,19.8,.358,29.5,61.5,.480,19.2,26.2,.733,12.3,31.5,43.8,21.6,7.5,5.3,17.4,20.3,99.5
1998-99,NBA,HOU,31,19,3,,29.6,6-6,216,,50,241.5,35.1,76.0,.462,6.7,18.3,.368,28.4,57.7,.492,17.3,23.7,.729,10.7,30.8,41.5,21.2,7.7,5.2,16.2,19.2,94.2
1997-98,NBA,HOU,41,41,4,,32.0,6-7,217,,82,241.8,35.9,79.4,.452,7.0,20.4,.343,28.9,59.1,.490,19.9,25.9,.771,12.0,28.7,40.7,21.9,8.4,3.6,15.8,20.2,98.8
1996-97,NBA,HOU,57,25,2,,30.8,6-7,220,,82,242.1,37.0,79.1,.468,8.2,22.4,.365,28.9,56.6,.509,18.3,24.3,.755,11.3,31.3,42.6,24.5,8.4,4.2,16.6,19.6,100.6
1995-96,NBA,HOU,48,34,3,,29.0,6-7,215,,82,241.5,37.5,81.0,.464,7.8,21.5,.362,29.8,59.5,.501,19.6,25.7,.765,11.2,29.9,41.1,24.2,7.9,5.8,15.2,21.4,102.5
1994-95,NBA,HOU,47,35,3,,28.5,6-7,211,,82,240.6,38.5,80.2,.480,7.9,21.4,.368,30.6,58.8,.521,18.6,24.9,.749,10.7,29.8,40.5,25.1,8.8,6.3,16.1,20.9,103.5
1993-94,NBA,HOU,58,24,1,,28.1,6-6,209,,82,241.2,39.0,82.1,.475,5.2,15.7,.334,33.8,66.4,.508,17.9,24.1,.743,11.3,31.9,43.2,25.5,8.7,5.9,16.3,20.1,101.1
1992-93,NBA,HOU,55,27,1,,27.4,6-6,206,,82,241.2,40.0,82.2,.486,4.7,13.1,.361,35.3,69.2,.510,19.3,25.5,.758,12.0,30.9,42.9,25.8,8.3,6.6,15.8,20.7,104.0
1991-92,NBA,HOU,42,40,3,,28.0,6-6,203,,82,242.4,39.9,84.1,.475,4.0,11.7,.343,35.9,72.4,.496,18.2,24.6,.738,13.1,29.7,42.8,25.1,8.0,7.0,16.8,21.6,102.0
1990-91,NBA,HOU,52,30,3,,27.3,6-6,204,,82,242.1,41.5,88.9,.467,3.9,12.1,.320,37.6,76.8,.490,19.9,26.8,.741,15.5,30.6,46.1,23.2,9.7,5.0,17.1,22.9,106.7
1989-90,NBA,HOU,41,41,5,,27.9,6-6,204,,82,241.5,42.5,88.4,.480,1.9,6.0,.312,40.6,82.4,.493,19.9,27.6,.720,14.8,32.2,47.0,26.8,9.9,6.7,18.5,23.6,106.7
1988-89,NBA,HOU,45,37,2,,26.8,6-7,209,,82,242.1,41.6,87.8,.474,2.0,6.4,.314,39.6,81.4,.487,23.3,30.8,.755,14.8,31.1,45.9,24.6,9.6,6.1,19.1,24.7,108.5
1987-88,NBA,HOU,46,36,4,,27.7,6-7,211,,82,240.0,42.3,89.7,.471,0.8,3.5,.237,41.4,86.1,.481,23.6,30.3,.780,15.1,30.9,46.0,23.6,8.7,6.1,16.7,22.7,109.0
1986-87,NBA,HOU,42,40,3,,26.1,6-8,215,,82,241.2,42.3,88.6,.477,1.1,4.0,.275,41.2,84.6,.487,21.3,28.7,.741,14.5,30.3,44.8,27.2,8.0,6.8,16.9,24.1,106.9
1985-86,NBA,HOU,51,31,1,,26.0,6-8,212,,82,240.9,45.8,93.5,.490,1.0,3.8,.274,44.8,89.8,.499,21.7,29.7,.730,16.0,29.7,45.7,28.3,9.1,6.7,16.8,24.3,114.4
1984-85,NBA,HOU,48,34,2,,25.3,6-8,213,,82,241.8,45.7,90.7,.504,0.5,2.3,.220,45.2,88.5,.511,19.3,27.6,.699,16.2,29.2,45.4,27.3,8.3,7.3,19.6,24.8,111.2
1983-84,NBA,HOU,29,53,6,,26.8,6-7,207,,82,240.9,45.5,91.9,.495,0.4,1.9,.195,45.1,90.0,.501,19.3,26.1,.740,14.6,30.3,44.9,26.9,7.6,6.3,19.0,28.3,110.6
1982-83,NBA,HOU,14,68,6,,29.0,6-6,199,,82,240.6,40.7,90.8,.448,0.8,3.3,.247,39.9,87.5,.456,17.1,23.6,.725,14.7,27.6,42.3,23.5,7.9,5.1,19.2,26.0,99.3
1981-82,NBA,HOU,46,36,3,,28.3,6-6,204,,82,241.2,42.7,89.8,.476,0.6,2.1,.284,42.1,87.7,.480,19.8,27.1,.729,17.1,27.9,45.0,24.1,7.9,5.2,16.1,22.8,105.9
1980-81,NBA,HOU,40,42,3,,26.8,6-6,200,,82,241.5,43.6,89.5,.487,0.3,1.4,.178,43.3,88.0,.492,20.9,27.1,.770,14.8,28.6,43.5,25.6,8.6,4.8,17.7,23.2,108.3
1979-80,NBA,HOU,41,41,2,,27.3,6-5,200,,82,243.0,43.9,91.4,.480,1.3,4.6,.274,42.6,86.8,.491,21.7,28.4,.766,17.0,27.0,44.0,26.2,9.5,4.5,19.1,23.5,110.8
1978-79,NBA,HOU,47,35,2,,27.6,6-5,199,,82,241.2,45.4,91.4,.497,,,,45.4,91.4,.497,22.5,28.4,.792,15.3,30.5,45.9,28.1,7.7,3.5,18.4,24.4,113.4
1977-78,NBA,HOU,28,54,6,,25.4,6-6,199,,82,240.6,43.0,93.8,.458,,,,43.0,93.8,.458,17.9,23.1,.774,15.9,29.5,45.4,23.7,8.3,3.9,16.8,24.7,103.8
1976-77,NBA,HOU,49,33,1,,25.8,6-5,201,,82,241.2,43.1,89.3,.483,,,,43.1,89.3,.483,20.2,25.6,.787,15.3,32.1,47.4,23.3,7.5,5.0,19.5,26.0,106.4
1975-76,NBA,HOU,40,42,3,,25.7,6-5,201,,82,240.9,43.2,89.1,.485,,,,43.2,89.1,.485,19.7,25.0,.790,12.9,32.2,45.2,27.0,8.0,4.4,20.3,24.9,106.2
1974-75,NBA,HOU,41,41,2,,25.2,6-5,202,,82,241.2,42.0,88.2,.477,,,,42.0,88.2,.477,19.8,24.8,.799,14.4,30.4,44.8,26.3,9.1,4.3,21.5,25.2,103.9
1973-74,NBA,HOU,32,50,3,,25.4,6-5,204,,82,242.1,43.5,90.6,.480,,,,43.5,90.6,.480,20.5,25.3,.812,13.0,31.6,44.5,27.0,8.9,5.0,20.5,25.7,107.4
1972-73,NBA,HOU,33,49,3,,25.7,6-6,203,,82,240.0,46.0,100.6,.457,,,,46.0,100.6,.457,20.8,26.2,.793,,,49.5,23.6,,,18.5,23.8,112.8
1971-72,NBA,HOU,34,48,4,,24.6,6-5,203,,82,240.6,43.8,100.9,.434,,,,43.8,100.9,.434,22.1,29.6,.748,,,54.1,21.7,,,17.4,24.3,109.7
1970-71,NBA,SDR,40,42,3,,25.0,6-5,202,,82,240.6,43.3,102.8,.421,,,,43.3,102.8,.421,26.7,35.6,.749,,,57.1,23.4,,,20.9,26.0,113.2
1969-70,NBA,SDR,27,55,7,,25.3,6-5,200,,82,241.2,47.1,108.1,.436,,,,47.1,108.1,.436,24.4,33.3,.733,,,58.4,24.8,,,,25.6,118.7
1968-69,NBA,SDR,37,45,4,,25.1,6-5,203,,82,241.2,45.0,105.3,.428,,,,45.0,105.3,.428,25.3,37.1,.682,,,61.3,23.5,,,,25.7,115.3
1967-68,NBA,SDR,15,67,6,,26.4,6-5,204,,82,240.9,43.5,104.2,.417,,,,43.5,104.2,.417,25.4,35.7,.711,,,66.1,22.4,,,,26.7,112.4
2024-25,NBA,IND,50,32,2,,25.8,6-6,213,,82,242.1,43.6,89.3,.488,13.2,35.8,.368,30.4,53.6,.568,17.0,21.6,.789,9.2,32.7,41.8,29.2,8.5,5.5,13.2,18.7,117.4
2023-24,NBA,IND,47,35,3,,25.3,6-6,212,,82,240.3,47.0,92.7,.507,13.2,35.3,.374,33.8,57.4,.589,16.1,20.5,.782,10.1,31.4,41.5,30.8,7.7,5.9,12.9,21.4,123.3
2022-23,NBA,IND,35,47,4,,24.5,6-6,210,,82,240.9,42.0,89.6,.469,13.6,37.0,.367,28.4,52.6,.540,18.7,23.7,.790,10.1,31.4,41.5,27.0,7.7,5.8,14.9,21.2,116.3
2021-22,NBA,IND,25,57,4,,26.0,6-6,213,,82,242.4,41.4,89.5,.463,12.2,35.4,.344,29.3,54.1,.541,16.4,21.4,.768,11.3,32.6,43.9,25.4,7.1,5.6,14.4,20.4,111.5
2020-21,NBA,IND,34,38,2,,26.5,6-5,213,,72,242.4,43.3,91.2,.474,12.3,34.0,.364,30.9,57.3,.540,16.4,20.7,.792,9.0,33.7,42.7,27.4,8.5,6.4,13.5,20.2,115.3
2019-20,NBA,IND,45,28,2,,25.6,6-6,214,,73,241.4,42.1,88.5,.476,10.2,28.0,.363,31.9,60.4,.529,15.0,19.1,.787,8.7,34.1,42.8,25.9,7.4,5.2,13.2,19.8,109.4
2018-19,NBA,IND,48,34,2,,27.0,6-6,220,,82,240.3,41.3,87.0,.475,9.5,25.4,.374,31.8,61.6,.517,15.8,21.1,.752,9.3,33.7,43.0,26.0,8.7,4.9,13.7,19.4,108.0
2017-18,NBA,IND,48,34,2,,26.2,6-6,217,,82,240.9,40.8,86.4,.472,9.0,24.5,.369,31.8,61.9,.513,14.9,19.2,.779,9.6,32.7,42.3,22.2,8.8,4.1,13.3,18.8,105.6
2016-17,NBA,IND,42,40,3,,27.0,6-6,220,,82,242.1,39.3,84.5,.465,8.6,23.0,.376,30.6,61.5,.498,17.9,22.1,.810,9.0,33.0,42.0,22.5,8.2,5.0,13.8,19.5,105.1
2015-16,NBA,IND,45,37,2,,26.9,6-6,218,,82,242.4,38.3,85.2,.450,8.1,23.0,.351,30.2,62.1,.486,17.4,22.8,.764,10.3,33.9,44.2,21.2,9.0,4.8,14.9,20.0,102.2
2014-15,NBA,IND,38,44,4,,28.3,6-7,221,,82,242.1,36.6,83.2,.439,7.5,21.2,.352,29.1,62.0,.469,16.7,22.2,.756,10.4,34.4,44.9,21.4,6.2,4.6,14.0,21.2,97.3
2013-14,NBA,IND,56,26,1,,27.2,6-7,221,,82,241.2,36.0,80.2,.449,6.7,18.8,.357,29.3,61.4,.477,18.1,23.3,.779,10.2,34.5,44.7,20.1,6.7,5.4,15.1,20.4,96.7
2012-13,NBA,IND,49,32,1,,25.7,6-7,221,,81,241.9,35.1,80.6,.436,6.9,19.7,.347,28.3,60.8,.465,17.6,23.6,.746,12.9,33.0,45.9,20.3,7.2,6.3,15.1,20.0,94.7
2011-12,NBA,IND,42,24,2,,26.3,6-7,218,,66,242.3,35.7,81.4,.438,5.9,16.1,.368,29.7,65.3,.455,20.4,26.1,.782,12.5,31.4,43.9,18.6,7.9,5.4,14.0,21.7,97.7
2010-11,NBA,IND,37,45,2,,25.9,6-7,219,,82,241.2,36.6,82.8,.442,7.1,20.2,.354,29.5,62.6,.471,19.4,24.8,.782,11.1,32.4,43.5,19.6,7.1,5.6,15.4,21.7,99.8
2009-10,NBA,IND,32,50,4,,26.6,6-7,220,,82,240.3,36.8,83.2,.443,8.0,23.1,.348,28.8,60.1,.479,19.1,24.6,.775,9.6,31.9,41.5,21.1,7.1,5.4,15.0,22.5,100.8
2008-09,NBA,IND,36,46,4,,26.5,6-7,217,,82,241.8,39.3,86.3,.455,8.0,21.0,.378,31.3,65.3,.480,18.6,23.0,.807,11.3,32.5,43.7,21.6,7.0,5.3,14.5,23.1,105.1
2007-08,NBA,IND,36,46,3,,26.7,6-7,220,,82,240.9,37.8,85.3,.444,9.2,24.6,.374,28.6,60.6,.472,19.1,24.9,.768,11.0,32.1,43.1,22.7,7.6,5.0,15.1,23.4,104.0
2006-07,NBA,IND,35,47,4,,27.2,6-7,217,,82,241.2,35.0,80.0,.438,5.9,16.9,.346,29.2,63.1,.462,19.7,25.9,.760,12.1,29.8,41.8,20.5,7.3,5.5,16.3,23.3,95.6
2005-06,NBA,IND,41,41,3,,27.3,6-7,221,,82,240.6,34.0,76.5,.444,6.5,18.7,.349,27.4,57.8,.475,19.4,26.3,.737,11.0,31.2,42.2,19.9,7.3,5.0,15.3,22.2,93.9
2004-05,NBA,IND,44,38,3,,28.3,6-7,218,,82,242.7,32.5,75.2,.432,6.6,19.2,.344,25.9,56.0,.463,21.3,26.9,.792,10.6,29.5,40.1,18.2,7.5,4.4,14.3,23.0,93.0
2003-04,NBA,IND,61,21,1,,27.1,6-7,218,,82,241.5,33.6,77.1,.435,5.5,15.6,.351,28.1,61.5,.457,18.8,24.6,.764,11.8,29.9,41.7,21.6,8.9,5.0,14.4,20.8,91.4
2002-03,NBA,IND,48,34,2,,25.9,6-7,220,,82,242.7,35.5,80.6,.441,4.6,13.6,.339,30.9,66.9,.461,21.2,27.7,.766,12.2,32.0,44.2,23.3,8.5,5.4,14.8,22.1,96.8
2001-02,NBA,IND,42,40,4,,26.1,6-7,213,,82,242.7,35.8,80.2,.446,4.9,14.6,.339,30.9,65.7,.470,20.3,26.3,.772,11.3,31.3,42.7,23.0,8.0,5.3,15.2,22.9,96.8
2000-01,NBA,IND,41,41,4,,27.7,6-7,212,,82,243.7,34.5,78.4,.440,4.8,14.1,.342,29.7,64.3,.461,18.8,24.5,.766,11.2,31.6,42.9,21.5,6.9,5.9,15.2,23.5,92.6
1999-00,NBA,IND,56,26,1,,30.4,6-7,212,,82,240.6,37.2,81.0,.459,7.1,18.1,.392,30.0,62.8,.478,19.9,24.5,.811,10.3,31.9,42.1,22.6,6.8,5.1,14.1,21.8,101.3
1998-99,NBA,IND,33,17,1,,30.8,6-7,209,,50,242.0,34.6,77.3,.448,5.9,16.0,.368,28.7,61.3,.469,19.5,24.6,.796,11.5,29.0,40.5,20.1,6.3,4.5,13.0,21.6,94.7
1997-98,NBA,IND,58,24,2,,29.7,6-7,207,,82,241.8,35.6,75.9,.469,4.9,12.5,.390,30.7,63.3,.485,19.9,26.0,.764,10.7,28.6,39.3,23.0,7.9,4.5,14.2,22.7,96.0
1996-97,NBA,IND,39,43,6,,27.9,6-7,210,,82,243.0,34.8,76.3,.456,5.2,13.8,.381,29.5,62.5,.472,20.6,28.5,.722,12.5,29.1,41.7,21.3,7.1,4.8,16.3,24.1,95.4
1995-96,NBA,IND,52,30,2,,29.4,6-7,208,,82,240.9,36.3,75.7,.480,4.4,11.9,.373,31.9,63.8,.500,22.2,29.5,.755,12.3,27.6,39.9,23.4,7.1,3.9,16.3,24.8,99.3
1994-95,NBA,IND,52,30,1,,28.7,6-7,208,,82,241.2,36.4,76.2,.477,4.6,12.0,.380,31.8,64.2,.496,21.9,29.1,.751,12.8,27.9,40.7,22.9,8.6,4.4,16.3,23.6,99.2
1993-94,NBA,IND,47,35,3,,27.2,6-7,206,,82,240.9,38.6,79.5,.486,2.2,6.1,.368,36.4,73.4,.496,21.5,29.1,.738,13.8,29.4,43.2,25.1,8.6,5.6,17.6,24.1,101.0
1992-93,NBA,IND,41,41,5,,26.8,6-8,208,,82,240.9,41.1,85.6,.480,3.1,9.6,.326,38.0,76.0,.500,22.4,29.3,.766,14.9,29.9,44.8,26.1,7.5,4.9,15.3,24.9,107.8
1991-92,NBA,IND,40,42,4,,26.4,6-7,209,,82,243.4,42.7,86.3,.494,4.1,11.5,.354,38.6,74.9,.516,22.8,28.8,.790,13.2,31.3,44.5,29.2,8.6,4.8,17.1,26.1,112.2
1990-91,NBA,IND,41,41,5,,26.4,6-8,211,,82,241.5,42.1,85.3,.493,3.0,9.1,.332,39.0,76.2,.513,24.5,30.2,.811,12.4,29.0,41.4,26.6,8.0,4.4,16.5,25.5,111.7
1989-90,NBA,IND,42,40,5,,26.4,6-8,212,,82,242.4,41.2,83.0,.497,3.6,9.4,.382,37.6,73.6,.511,23.2,28.5,.816,11.5,29.1,40.6,24.7,6.7,4.3,16.4,24.0,109.3
1988-89,NBA,IND,28,54,6,,25.2,6-8,214,,82,242.1,41.3,84.7,.487,2.5,7.5,.328,38.8,77.2,.503,21.9,27.7,.789,13.0,30.5,43.4,24.5,6.9,5.1,18.9,25.7,106.9
1987-88,NBA,IND,38,44,6,,25.7,6-7,215,,82,240.3,41.9,87.2,.480,2.0,5.9,.336,39.9,81.3,.491,18.9,24.2,.780,13.1,30.0,43.1,24.1,7.5,4.2,16.1,24.9,104.6
1986-87,NBA,IND,41,41,4,,25.9,6-7,216,,82,243.0,42.1,89.3,.472,1.1,3.9,.297,41.0,85.5,.479,20.7,26.5,.782,13.8,30.0,43.9,26.5,8.5,3.8,15.6,25.6,106.1
1985-86,NBA,IND,26,56,6,,25.0,6-7,215,,82,240.9,42.0,87.2,.481,0.3,1.7,.161,41.7,85.5,.488,19.7,26.6,.739,13.9,31.9,45.7,26.3,8.0,4.6,18.5,26.0,103.9
1984-85,NBA,IND,22,60,6,,24.1,6-6,208,,82,241.2,42.5,89.3,.476,0.4,1.9,.194,42.2,87.4,.482,22.8,30.7,.744,14.6,32.0,46.6,23.7,7.6,4.5,19.8,27.3,108.3
1983-84,NBA,IND,26,56,6,,24.4,6-6,209,,82,241.2,42.0,87.0,.483,0.6,2.5,.232,41.5,84.4,.491,19.8,25.8,.766,12.2,29.2,41.5,26.5,10.2,4.9,18.6,25.1,104.5
1982-83,NBA,IND,20,62,6,,24.9,6-6,208,,82,241.8,45.2,94.2,.480,0.6,2.9,.212,44.6,91.3,.488,17.6,23.3,.758,15.8,28.0,43.8,26.2,9.2,5.0,18.7,25.4,108.7
1981-82,NBA,IND,35,47,4,,27.0,6-6,202,,82,241.8,40.6,87.4,.465,1.3,3.9,.326,39.4,83.5,.472,19.7,26.5,.741,13.9,28.9,42.8,23.1,9.2,6.0,17.0,24.9,102.2
1980-81,NBA,IND,44,38,3,,26.0,6-7,202,,82,240.6,42.6,88.4,.482,0.4,2.1,.178,42.2,86.3,.489,22.1,31.0,.715,16.2,27.6,43.8,25.5,10.2,5.9,18.2,24.5,107.6
1979-80,NBA,IND,37,45,4,,25.3,6-7,198,,82,242.1,44.4,93.8,.473,1.1,3.8,.280,43.3,89.9,.481,21.4,28.5,.751,17.0,28.4,45.4,26.2,11.0,6.5,18.5,24.1,111.2
1978-79,NBA,IND,38,44,4,,25.0,6-6,200,,82,240.3,43.6,91.8,.475,,,,43.6,91.8,.475,21.5,28.3,.759,14.9,30.9,45.8,24.5,8.4,5.1,18.7,25.5,108.6
1977-78,NBA,IND,31,51,6,,24.6,6-6,201,,82,241.8,42.7,94.9,.450,,,,42.7,94.9,.450,23.2,31.3,.743,16.9,32.0,48.9,24.2,9.9,5.6,20.0,27.2,108.6
1976-77,NBA,IND,36,46,5,,25.6,6-6,202,,82,240.9,43.0,95.6,.449,,,,43.0,95.6,.449,20.9,28.0,.746,17.2,31.5,48.7,24.5,11.3,5.6,19.6,24.8,106.8
1975-76,ABA,INA,39,45,5,,24.7,6-5,203,,84,242.1,44.5,101.5,.438,3.0,9.2,.324,41.5,92.3,.449,20.7,26.8,.772,19.2,32.6,51.8,24.8,11.2,5.5,17.3,23.6,112.6
1974-75,ABA,INA,45,39,3,,24.3,6-5,205,,84,241.2,46.3,99.6,.465,2.7,8.5,.312,43.7,91.0,.480,17.4,23.4,.744,19.9,30.5,50.5,22.9,10.6,4.9,18.4,23.2,112.8
1973-74,ABA,INA,46,38,2,,26.8,6-5,205,,84,242.4,42.2,93.9,.450,2.0,6.5,.315,40.2,87.4,.460,19.3,26.7,.725,17.5,34.5,52.0,21.7,8.8,5.5,18.5,22.9,105.8
1972-73,ABA,INA,51,33,2,,26.1,6-5,205,,84,242.4,43.7,94.6,.461,2.0,6.6,.312,41.6,88.1,.473,25.3,34.2,.739,19.2,35.0,54.2,22.1,,,19.2,24.5,114.7
1971-72,ABA,INA,47,37,2,,26.2,6-5,203,,84,242.4,42.9,92.9,.461,2.6,8.9,.293,40.3,84.0,.479,24.6,32.8,.749,18.7,35.8,54.5,20.6,,,18.1,22.7,112.9
1970-71,ABA,INA,58,26,1,,26.4,6-4,199,,84,242.4,45.2,97.6,.463,3.6,12.2,.299,41.5,85.5,.486,25.0,32.6,.768,16.9,35.2,52.1,24.6,,,17.0,23.3,119.1
1969-70,ABA,INA,59,25,1,,26.8,6-4,199,,84,241.5,42.8,94.0,.455,2.6,9.3,.274,40.2,84.7,.475,25.1,33.9,.741,17.8,35.0,52.8,21.7,,,17.7,25.3,113.2
1968-69,ABA,INA,44,34,1,,25.0,6-5,200,,78,242.6,44.5,98.8,.451,1.4,4.7,.299,43.1,94.1,.458,29.1,40.8,.715,20.6,36.2,56.8,19.9,,,19.5,27.0,119.6
1967-68,ABA,INA,38,40,3,,24.7,6-4,202,,78,241.6,40.7,94.8,.429,1.2,4.6,.267,39.5,90.2,.437,26.9,38.1,.708,,,54.6,15.1,,,18.0,22.9,109.6
2024-25,NBA,LAC,50,32,2,,29.7,6-6,219,,82,241.5,41.6,86.3,.482,12.5,33.4,.373,29.1,52.9,.550,17.3,21.7,.797,10.3,33.5,43.8,25.2,9.4,4.5,14.9,18.3,112.9
2023-24,NBA,LAC,51,31,1,,30.4,6-6,220,,82,240.3,42.4,86.7,.489,12.6,33.2,.381,29.7,53.5,.555,18.3,22.2,.825,10.0,32.9,43.0,25.6,7.8,5.0,13.1,18.5,115.6
2022-23,NBA,LAC,44,38,3,,29.7,6-6,219,,82,241.8,41.1,86.1,.477,12.7,33.4,.381,28.4,52.7,.539,18.7,23.9,.781,9.8,33.4,43.2,23.9,7.1,4.4,14.2,19.5,113.6
2021-22,NBA,LAC,42,40,3,,27.5,6-6,218,,82,241.2,40.1,87.4,.458,12.8,34.2,.374,27.3,53.3,.512,15.5,19.6,.793,9.1,34.9,44.0,24.0,7.4,5.0,13.7,18.6,108.4
2020-21,NBA,LAC,47,25,2,,28.8,6-6,217,,72,240.0,41.8,86.7,.482,14.3,34.7,.411,27.5,52.0,.529,16.2,19.3,.839,9.4,34.7,44.2,24.4,7.1,4.1,13.2,19.2,114.0
2019-20,NBA,LAC,49,23,2,,27.4,6-6,213,,72,241.4,41.6,89.2,.466,12.4,33.5,.371,29.1,55.8,.522,20.8,26.3,.791,10.7,37.0,47.7,23.7,7.1,4.7,14.6,22.1,116.3
2018-19,NBA,LAC,48,34,2,,27.2,6-6,209,,82,241.8,41.3,87.5,.471,10.0,25.8,.388,31.3,61.7,.507,22.6,28.5,.792,9.7,35.8,45.5,24.0,6.8,4.7,14.5,23.3,115.1
2017-18,NBA,LAC,42,40,2,,27.0,6-6,218,,82,240.3,40.3,85.4,.471,9.5,26.8,.354,30.8,58.6,.525,19.0,25.5,.743,10.1,33.7,43.9,22.3,7.7,4.5,14.7,20.0,109.0
2016-17,NBA,LAC,51,31,2,,30.0,6-6,220,,82,240.9,39.5,83.2,.475,10.3,27.4,.375,29.3,55.8,.525,19.3,26.0,.745,9.0,34.0,43.0,22.5,7.5,4.2,13.0,19.8,108.7
2015-16,NBA,LAC,53,29,2,,29.7,6-6,217,,82,241.8,38.3,82.4,.465,9.7,26.7,.364,28.6,55.7,.513,18.2,26.2,.692,8.8,33.3,42.0,22.8,8.6,5.6,13.0,21.3,104.5
2014-15,NBA,LAC,56,26,2,,28.8,6-6,220,,82,240.6,39.4,83.3,.473,10.1,26.9,.376,29.3,56.4,.519,17.9,25.2,.710,9.6,33.1,42.6,24.8,7.8,5.0,12.3,21.3,106.7
2013-14,NBA,LAC,57,25,1,,28.1,6-6,215,,82,240.9,39.1,82.5,.474,8.5,24.0,.352,30.7,58.5,.525,21.2,29.1,.730,10.5,32.5,43.0,24.6,8.6,4.8,13.9,21.5,107.9
2012-13,NBA,LAC,56,26,1,,28.8,6-6,217,,82,240.6,38.5,80.6,.478,7.6,21.4,.358,30.9,59.2,.522,16.4,23.0,.711,11.4,30.2,41.6,23.9,9.6,5.6,14.6,20.9,101.1
2011-12,NBA,LAC,40,26,2,,27.3,6-5,218,,66,241.9,37.0,81.3,.455,7.8,21.8,.357,29.2,59.5,.490,15.8,23.3,.680,12.1,29.4,41.6,21.0,8.4,4.8,13.3,21.2,97.5
2010-11,NBA,LAC,32,50,4,,24.6,6-6,229,,82,242.1,36.8,80.4,.457,6.3,18.5,.338,30.5,61.9,.493,18.9,26.7,.707,11.6,30.5,42.1,22.1,7.1,4.9,16.4,21.1,98.6
2009-10,NBA,LAC,29,53,3,,27.3,6-7,222,,82,240.3,36.6,80.5,.455,5.9,17.8,.332,30.7,62.7,.490,16.6,22.8,.730,11.3,30.5,41.8,22.1,6.5,5.7,15.7,19.3,95.7
2008-09,NBA,LAC,19,63,4,,26.6,6-6,222,,82,242.4,36.0,81.7,.441,6.5,18.5,.354,29.5,63.2,.467,16.5,22.4,.736,10.9,29.0,39.8,21.0,7.0,5.9,14.9,20.1,95.1
2007-08,NBA,LAC,23,59,5,,28.5,6-6,214,,82,241.5,34.4,78.6,.438,4.3,13.2,.324,30.1,65.4,.460,20.8,26.6,.781,9.8,30.4,40.1,21.1,6.8,4.9,14.4,21.3,93.8
2006-07,NBA,LAC,40,42,4,,27.5,6-6,220,,82,240.6,35.1,77.0,.456,3.8,11.0,.348,31.3,66.0,.474,21.6,27.4,.788,10.8,30.3,41.1,21.5,7.3,5.8,15.1,22.7,95.6
2005-06,NBA,LAC,47,35,2,,26.8,6-7,220,,82,241.5,36.5,78.6,.465,3.5,10.3,.344,33.0,68.3,.483,20.7,26.1,.791,10.1,33.0,43.1,20.8,6.5,6.1,14.5,22.8,97.2
2004-05,NBA,LAC,37,45,3,,25.5,6-7,222,,82,244.3,35.7,77.7,.459,2.8,8.2,.345,32.8,69.5,.473,21.6,27.7,.778,12.0,29.9,41.9,23.2,7.3,5.1,15.7,22.2,95.7
2003-04,NBA,LAC,28,54,7,,24.3,6-7,228,,82,241.5,34.4,80.2,.428,4.0,12.5,.321,30.3,67.7,.448,22.0,28.1,.785,14.0,29.5,43.5,20.2,7.2,4.6,16.4,22.1,94.8
2002-03,NBA,LAC,27,55,7,,25.3,6-7,229,,82,240.9,34.6,79.1,.437,4.8,14.4,.331,29.8,64.8,.460,19.9,26.5,.750,12.3,30.0,42.3,19.6,7.0,5.6,15.7,21.8,93.8
2001-02,NBA,LAC,39,43,5,,24.4,6-7,227,,82,241.5,36.2,81.3,.445,5.0,14.0,.356,31.2,67.3,.464,18.3,24.7,.739,13.2,30.2,43.4,20.9,6.2,6.6,14.8,19.8,95.7
2000-01,NBA,LAC,31,51,6,,24.3,6-7,221,,82,244.3,35.3,78.9,.448,4.4,13.0,.339,30.9,65.9,.469,17.4,25.1,.693,11.7,31.2,42.9,19.3,6.0,6.3,15.8,21.6,92.5
1999-00,NBA,LAC,15,67,7,,24.2,6-7,222,,82,240.3,35.1,82.4,.426,5.2,15.5,.339,29.9,67.0,.446,16.6,22.3,.746,11.6,29.0,40.6,18.0,7.0,6.0,16.2,22.2,92.0
1998-99,NBA,LAC,9,41,7,,25.0,6-6,223,,50,242.5,34.2,80.1,.427,4.3,13.4,.320,29.9,66.8,.448,17.7,24.5,.721,13.3,25.9,39.2,16.4,8.5,4.7,15.9,24.5,90.4
1997-98,NBA,LAC,17,65,7,,25.7,6-6,217,,82,241.2,35.7,81.6,.438,6.4,17.9,.358,29.3,63.7,.461,18.0,25.0,.723,12.7,27.8,40.4,18.7,7.6,5.6,16.1,22.3,95.9
1996-97,NBA,LAC,36,46,5,,25.5,6-6,212,,82,243.0,36.5,81.7,.446,5.8,16.3,.354,30.7,65.3,.469,18.5,25.3,.731,13.3,27.3,40.7,20.3,8.9,5.4,16.0,24.0,97.2
1995-96,NBA,LAC,29,53,7,,25.2,6-6,216,,82,240.6,38.1,80.7,.472,6.2,16.8,.370,31.9,64.0,.499,17.0,24.2,.702,11.9,26.7,38.6,20.4,8.6,5.0,16.5,24.5,99.4
1994-95,NBA,LAC,17,65,7,,24.9,6-6,211,,82,242.4,37.3,84.0,.444,4.0,12.8,.315,33.3,71.2,.468,18.0,25.4,.710,13.0,25.3,38.3,22.0,9.6,5.3,16.3,26.2,96.7
1993-94,NBA,LAC,27,55,7,,27.0,6-6,213,,82,241.2,40.8,87.4,.467,3.1,10.1,.303,37.7,77.2,.488,18.4,26.0,.709,13.7,29.4,43.0,26.5,9.8,5.1,18.0,21.6,103.0
1992-93,NBA,LAC,41,41,4,,26.7,6-6,213,,82,241.5,43.2,89.4,.484,1.6,6.0,.271,41.6,83.4,.499,19.0,26.5,.718,14.4,28.8,43.2,27.3,10.3,6.0,16.3,23.4,107.1
1991-92,NBA,LAC,45,37,5,,27.3,6-7,207,,82,241.8,40.8,86.3,.473,1.8,6.1,.289,39.0,80.2,.487,19.5,27.1,.720,13.8,29.2,43.0,25.0,10.0,6.1,15.5,22.8,102.9
1990-91,NBA,LAC,31,51,6,,25.1,6-7,210,,82,241.5,41.4,89.2,.464,1.4,5.3,.260,40.0,83.9,.476,19.5,27.7,.702,15.2,30.5,45.7,25.8,8.8,6.2,17.5,24.9,103.5
1989-90,NBA,LAC,30,52,6,,24.5,6-7,212,,82,241.5,40.5,83.6,.484,0.7,2.8,.243,39.8,80.8,.493,22.1,30.0,.738,12.9,28.8,41.7,24.1,9.5,6.2,18.9,22.7,103.8
1988-89,NBA,LAC,21,61,7,,24.6,6-7,211,,82,242.1,43.0,90.6,.475,0.7,2.9,.231,42.3,87.7,.483,19.6,27.1,.723,14.1,29.1,43.2,26.9,9.9,6.5,20.3,23.6,106.2
1987-88,NBA,LAC,17,65,6,,26.2,6-6,209,,82,241.5,38.9,87.7,.443,1.0,3.9,.249,37.9,83.9,.452,20.0,28.1,.713,14.5,28.7,43.2,23.0,8.8,6.3,18.7,23.3,98.8
1986-87,NBA,LAC,12,70,6,,26.2,6-6,208,,82,241.2,40.4,89.4,.452,1.0,4.2,.224,39.4,85.2,.463,22.8,30.7,.742,15.0,26.1,41.1,24.0,9.2,5.3,18.2,24.4,104.5
1985-86,NBA,LAC,32,50,4,,27.0,6-7,209,,82,240.9,41.3,87.4,.473,0.8,2.8,.279,40.5,84.6,.479,25.2,32.7,.770,14.1,27.5,41.7,24.0,8.5,6.1,18.3,23.5,108.6
1984-85,NBA,LAC,31,51,5,,27.3,6-7,212,,82,240.6,43.0,86.8,.495,0.7,2.3,.298,42.3,84.5,.501,20.4,26.9,.758,14.1,29.7,43.9,23.6,6.5,6.1,19.4,22.4,107.1
1983-84,NBA,SDC,30,52,6,,25.5,6-7,209,,82,240.6,44.3,89.3,.496,0.3,1.6,.188,44.0,87.8,.502,21.8,29.6,.736,15.9,29.0,45.0,24.2,6.9,4.7,18.5,24.6,110.7
1982-83,NBA,SDC,25,57,6,,24.8,6-6,206,,82,241.8,44.2,93.1,.475,0.8,3.2,.244,43.4,89.9,.483,19.4,26.8,.724,17.0,25.7,42.7,25.5,10.0,5.0,19.5,27.9,108.6
1981-82,NBA,SDC,17,65,6,,25.4,6-6,202,,82,240.9,43.3,86.6,.500,1.2,4.1,.293,42.1,82.5,.511,20.6,28.5,.723,13.8,26.8,40.6,22.9,7.8,3.6,19.1,28.7,108.5
1980-81,NBA,SDC,36,46,5,,27.6,6-6,205,,82,240.6,42.4,88.8,.477,1.6,5.0,.324,40.8,83.9,.486,20.1,27.4,.735,14.3,26.1,40.4,25.6,9.3,3.6,17.2,25.3,106.5
1979-80,NBA,SDC,35,47,5,,27.6,6-6,202,,82,240.9,43.0,91.4,.470,2.2,6.6,.326,40.8,84.8,.482,19.5,26.4,.736,15.8,28.1,43.9,20.6,8.1,3.5,17.6,23.1,107.6
1978-79,NBA,SDC,43,39,5,,27.3,6-6,207,,82,240.6,45.4,94.0,.483,,,,45.4,94.0,.483,22.4,30.1,.743,17.0,29.4,46.4,18.8,8.6,4.8,19.8,25.9,113.1
1977-78,NBA,BUF,27,55,4,,27.1,6-6,200,,82,241.5,41.6,89.3,.466,,,,41.6,89.3,.466,22.0,28.2,.781,13.2,31.0,44.2,24.1,7.9,4.0,19.2,24.6,105.3
1976-77,NBA,BUF,30,52,4,,25.6,6-5,201,,82,240.6,41.0,91.2,.450,,,,41.0,91.2,.450,22.9,30.4,.754,14.8,32.0,46.8,23.0,8.3,4.8,20.7,22.5,105.0
1975-76,NBA,BUF,46,36,3,,26.2,6-5,202,,82,240.3,42.5,89.1,.476,,,,42.5,89.1,.476,22.4,28.9,.774,12.2,33.2,45.4,25.8,8.8,4.5,21.3,24.6,107.3
1974-75,NBA,BUF,49,33,2,,26.4,6-5,199,,82,240.6,43.3,91.1,.476,,,,43.3,91.1,.476,21.2,27.1,.780,13.5,33.4,46.9,25.2,8.8,5.6,20.9,22.9,107.8
1973-74,NBA,BUF,42,40,3,,24.4,6-5,202,,82,241.8,45.5,94.7,.480,,,,45.5,94.7,.480,20.7,27.1,.765,14.0,34.5,48.5,26.4,9.6,7.3,22.3,22.9,111.6
1972-73,NBA,BUF,21,61,3,,24.7,6-6,211,,82,240.6,43.1,96.1,.449,,,,43.1,96.1,.449,17.1,24.0,.712,,,50.7,27.0,,,24.4,24.8,103.3
1971-72,NBA,BUF,22,60,4,,25.0,6-5,209,,82,241.5,41.6,92.2,.451,,,,41.6,92.2,.451,18.9,27.1,.698,,,48.5,21.5,,,21.7,25.7,102.0
1970-71,NBA,BUF,22,60,4,,24.9,6-5,206,,82,241.5,41.8,95.9,.436,,,,41.8,95.9,.436,22.0,30.5,.721,,,52.0,23.9,,,21.5,27.2,105.5
2024-25,NBA,LAL,50,32,1,,27.9,6-7,220,,82,240.6,40.9,85.5,.479,13.3,36.4,.366,27.6,49.1,.562,18.2,23.2,.785,9.7,32.8,42.4,26.0,7.7,4.5,14.0,17.3,113.4
2023-24,NBA,LAL,47,35,3,,28.0,6-7,221,,82,242.1,43.7,87.5,.499,11.8,31.4,.377,31.8,56.2,.567,18.9,24.2,.782,8.2,34.9,43.1,28.5,7.4,5.5,14.0,15.6,118.0
2022-23,NBA,LAL,43,39,5,,27.9,6-5,212,,82,242.4,42.9,89.0,.482,10.8,31.2,.346,32.1,57.8,.555,20.6,26.6,.775,10.0,35.7,45.7,25.3,6.4,4.6,14.1,17.9,117.2
2021-22,NBA,LAL,33,49,4,,30.2,6-5,221,,82,243.7,41.6,88.8,.469,12.0,34.5,.347,29.7,54.3,.546,16.8,23.0,.732,9.5,34.5,44.0,24.0,7.6,5.2,14.5,20.2,112.1
2020-21,NBA,LAL,42,30,3,,28.2,6-6,223,,72,242.4,40.6,86.1,.472,11.1,31.2,.354,29.6,54.8,.539,17.2,23.3,.739,9.7,34.6,44.2,24.7,7.8,5.4,15.2,19.1,109.5
2019-20,NBA,LAL,52,19,1,,29.5,6-7,224,,71,240.7,42.3,88.3,.480,11.0,31.6,.349,31.3,56.7,.552,17.7,24.3,.729,10.7,35.1,45.7,25.4,8.6,6.6,15.2,20.7,113.4
2018-19,NBA,LAL,37,45,4,,26.2,6-7,218,,82,241.2,42.6,90.5,.470,10.3,31.0,.333,32.2,59.6,.541,16.3,23.3,.699,10.2,36.4,46.6,25.6,7.5,5.4,15.7,20.7,111.8
2017-18,NBA,LAL,35,47,3,,23.7,6-7,216,,82,242.7,40.7,88.4,.461,10.0,29.1,.345,30.7,59.3,.517,16.6,23.3,.714,10.7,35.7,46.4,23.8,7.7,4.7,15.8,21.2,108.1
2016-17,NBA,LAL,26,56,4,,25.1,6-7,216,,82,240.3,39.3,87.4,.450,8.9,25.7,.346,30.4,61.6,.493,17.0,22.6,.754,11.4,32.1,43.5,20.9,8.2,3.9,15.2,20.7,104.6
2015-16,NBA,LAL,17,65,5,,26.5,6-7,219,,82,240.6,35.1,84.8,.414,7.8,24.6,.317,27.3,60.2,.454,19.3,24.7,.781,10.7,32.3,43.0,18.0,7.2,4.1,13.7,20.3,97.3
2014-15,NBA,LAL,21,61,5,,27.0,6-7,218,,82,243.0,37.2,85.6,.435,6.5,18.9,.344,30.8,66.8,.461,17.5,23.6,.741,11.6,32.3,43.9,20.9,7.0,4.5,13.2,21.2,98.5
2013-14,NBA,LAL,27,55,5,,26.8,6-7,214,,82,240.3,38.3,85.1,.450,9.4,24.8,.381,28.8,60.3,.478,17.0,22.4,.757,9.1,32.0,41.0,24.5,7.5,5.4,15.1,19.8,103.0
2012-13,NBA,LAL,45,37,3,,30.7,6-6,216,,82,240.9,37.1,81.0,.458,8.7,24.6,.355,28.4,56.4,.503,19.3,27.9,.692,11.5,33.3,44.8,22.2,7.0,5.2,15.0,17.9,102.2
2011-12,NBA,LAL,41,25,1,,29.7,6-7,226,,66,243.4,36.8,80.6,.457,5.5,16.8,.326,31.3,63.7,.491,18.2,24.1,.756,12.1,34.1,46.2,22.5,5.9,5.3,15.1,16.8,97.3
2010-11,NBA,LAL,57,25,1,,30.2,6-7,220,,82,241.8,38.1,82.4,.463,6.4,18.1,.352,31.8,64.3,.494,18.8,24.1,.779,12.1,31.9,44.0,22.0,7.3,5.1,13.1,19.0,101.5
2009-10,NBA,LAL,57,25,1,,28.4,6-7,221,,82,241.8,38.3,83.8,.457,6.5,19.0,.341,31.9,64.8,.492,18.5,24.2,.765,11.9,32.5,44.3,21.1,7.5,4.9,13.4,19.4,101.7
2008-09,NBA,LAL,65,17,1,,27.4,6-7,216,,82,241.2,40.3,85.1,.474,6.7,18.5,.361,33.7,66.6,.505,19.6,25.5,.770,12.4,31.5,43.9,23.3,8.8,5.1,13.5,20.7,106.9
2007-08,NBA,LAL,57,25,1,,26.7,6-7,219,,82,241.2,39.6,83.1,.476,8.1,21.4,.378,31.5,61.8,.510,21.3,27.7,.769,11.0,33.2,44.1,24.4,8.0,5.3,14.1,20.6,108.6
2006-07,NBA,LAL,42,40,2,,25.3,6-7,222,,82,244.3,37.8,81.3,.466,7.4,21.0,.353,30.4,60.2,.505,20.2,27.1,.747,10.8,30.4,41.2,22.6,7.3,5.1,15.5,23.0,103.3
2005-06,NBA,LAL,45,37,3,,25.1,6-8,222,,82,242.1,36.5,80.6,.453,6.7,19.3,.349,29.8,61.3,.486,19.7,26.5,.745,11.8,30.3,42.2,21.1,7.7,4.3,13.9,23.1,99.4
2004-05,NBA,LAL,34,48,4,,26.0,6-6,214,,82,241.2,35.3,80.8,.437,7.9,22.1,.355,27.5,58.7,.467,20.3,26.1,.777,12.5,30.6,43.2,20.4,6.2,4.2,14.3,21.9,98.7
2003-04,NBA,LAL,56,26,1,,29.8,6-7,228,,82,242.1,36.9,81.4,.454,4.5,13.6,.327,32.5,67.8,.479,19.9,28.7,.693,12.2,30.9,43.1,23.8,8.3,4.6,13.8,21.1,98.2
2002-03,NBA,LAL,50,32,2,,28.1,6-7,229,,82,243.0,37.7,83.6,.451,5.9,16.7,.356,31.8,66.9,.475,19.0,26.0,.734,13.1,31.1,44.3,23.3,7.8,5.7,14.5,22.9,100.4
2001-02,NBA,LAL,58,24,2,,27.9,6-7,227,,82,241.2,38.4,83.4,.461,6.2,17.5,.354,32.2,65.9,.489,18.2,26.1,.699,12.5,31.8,44.3,23.0,7.6,5.8,12.7,22.2,101.3
2000-01,NBA,LAL,56,26,1,,29.2,6-7,226,,82,242.7,37.9,81.5,.465,5.4,15.5,.344,32.6,66.0,.494,19.4,28.5,.683,13.2,31.5,44.7,23.0,6.9,6.0,14.4,22.8,100.6
1999-00,NBA,LAL,67,15,1,,29.2,6-7,227,,82,241.5,38.3,83.4,.459,4.2,12.8,.329,34.1,70.6,.482,20.1,28.9,.696,13.6,33.4,47.0,23.4,7.5,6.5,13.9,22.5,100.8
1998-99,NBA,LAL,31,19,2,,27.5,6-7,227,,50,241.0,36.8,78.7,.468,4.8,13.7,.352,32.0,65.0,.492,20.5,30.1,.683,12.4,29.6,42.0,21.9,7.8,5.7,15.1,24.6,99.0
1997-98,NBA,LAL,61,21,2,,25.8,6-6,220,,82,241.8,38.4,79.7,.481,6.1,17.3,.351,32.3,62.5,.517,22.7,33.5,.679,13.2,30.1,43.3,24.5,9.0,6.8,15.3,22.7,105.5
1996-97,NBA,LAL,56,26,2,,26.5,6-6,216,,82,243.0,36.8,81.0,.454,6.7,18.3,.367,30.1,62.7,.480,19.7,28.4,.692,13.3,29.4,42.8,22.5,9.0,7.0,14.9,22.2,100.0
1995-96,NBA,LAL,53,29,2,,27.1,6-6,204,,82,240.0,39.2,81.8,.480,5.8,16.6,.351,33.4,65.2,.512,18.6,25.0,.746,12.1,28.1,40.2,25.4,8.8,6.3,14.2,20.8,102.9
1994-95,NBA,LAL,48,34,3,,25.9,6-7,204,,82,242.7,40.0,86.4,.463,6.4,18.2,.352,33.6,68.2,.493,18.6,25.3,.735,13.7,28.2,42.0,25.3,9.1,6.9,15.2,23.6,105.1
1993-94,NBA,LAL,33,49,5,,26.5,6-6,206,,82,240.9,40.1,89.2,.450,2.9,9.8,.300,37.2,79.4,.468,17.2,24.0,.717,15.4,26.9,42.2,24.2,9.2,5.6,14.6,22.9,100.4
1992-93,NBA,LAL,39,43,5,,28.0,6-7,213,,82,241.8,40.4,85.3,.473,2.3,7.6,.299,38.1,77.7,.490,21.2,28.1,.756,13.5,27.9,41.4,24.5,9.5,5.3,15.4,21.7,104.2
1991-92,NBA,LAL,43,39,6,,28.3,6-6,208,,82,241.8,38.8,85.1,.456,1.5,5.4,.267,37.4,79.7,.469,21.3,27.8,.766,14.1,26.8,40.9,22.0,9.2,4.9,13.3,18.8,100.4
1990-91,NBA,LAL,58,24,2,,28.4,6-7,217,,82,241.8,40.8,84.3,.484,2.8,9.1,.304,38.0,75.2,.505,22.0,27.6,.798,13.1,29.8,42.9,25.5,7.8,4.7,14.7,18.6,106.3
1989-90,NBA,LAL,63,19,1,,28.9,6-7,211,,82,242.1,41.9,85.5,.490,3.8,10.3,.367,38.1,75.2,.507,23.2,29.5,.787,13.4,30.0,43.4,27.2,8.0,5.4,15.0,21.2,110.7
1988-89,NBA,LAL,57,25,1,,29.5,6-7,211,,82,241.5,43.7,87.1,.502,2.8,8.1,.340,40.9,79.0,.518,24.5,30.6,.802,13.3,31.9,45.2,27.8,8.8,5.1,16.4,20.4,114.7
1987-88,NBA,LAL,62,20,1,,28.9,6-7,211,,82,241.5,43.6,86.3,.505,1.7,5.8,.297,41.9,80.5,.520,23.9,30.2,.789,13.1,30.4,43.5,28.6,8.2,4.9,16.1,20.9,112.8
1986-87,NBA,LAL,65,17,1,,27.8,6-7,209,,82,240.6,45.6,88.4,.516,2.0,5.5,.367,43.6,82.9,.526,24.5,31.1,.789,13.7,30.7,44.4,29.6,8.9,5.9,16.6,22.6,117.8
1985-86,NBA,LAL,62,20,1,,28.1,6-8,210,,82,241.8,46.8,89.5,.522,1.7,5.0,.337,45.1,84.6,.533,22.1,28.4,.778,13.4,31.2,44.6,29.7,8.5,5.1,17.9,24.8,117.3
1984-85,NBA,LAL,62,20,1,,27.4,6-7,208,,82,240.9,48.2,88.5,.545,1.1,3.6,.305,47.1,84.9,.555,20.8,27.2,.763,13.0,31.1,44.1,31.4,8.5,5.9,18.7,23.5,118.2
1983-84,NBA,LAL,54,28,1,,27.5,6-7,206,,82,241.2,47.0,88.4,.532,0.7,2.8,.257,46.3,85.7,.540,20.9,27.7,.754,13.4,30.5,43.8,29.9,8.9,5.8,19.2,25.0,115.6
1982-83,NBA,LAL,58,24,1,,26.9,6-7,200,,82,240.6,48.3,91.6,.528,0.1,1.2,.104,48.2,90.4,.533,18.2,24.8,.736,15.1,29.7,44.7,30.7,10.3,5.8,19.3,23.5,115.0
1981-82,NBA,LAL,57,25,1,,26.8,6-7,199,,82,242.1,47.8,92.5,.517,0.2,1.1,.138,47.6,91.4,.521,18.9,26.4,.717,15.3,30.5,45.9,28.7,10.3,6.3,17.9,24.4,114.6
1980-81,NBA,LAL,54,28,2,,27.0,6-7,196,,82,241.5,46.1,90.0,.512,0.2,1.1,.181,45.9,88.9,.516,18.8,25.8,.729,14.2,30.4,44.6,28.8,9.9,6.7,19.0,23.8,111.2
1979-80,NBA,LAL,60,22,1,,26.2,6-7,202,,82,242.4,47.5,89.9,.529,0.2,1.2,.200,47.3,88.6,.534,19.8,25.5,.775,13.2,32.4,45.6,29.4,9.4,6.7,20.0,21.8,115.1
1978-79,NBA,LAL,47,35,3,,27.1,6-6,203,,82,241.2,46.7,90.2,.517,,,,46.7,90.2,.517,19.6,25.5,.769,11.6,31.2,42.8,28.5,9.7,6.1,19.1,22.6,112.9
1977-78,NBA,LAL,45,37,4,,25.7,6-6,204,,82,241.5,45.5,93.6,.487,,,,45.5,93.6,.487,19.2,25.5,.752,13.9,32.3,46.1,27.2,9.8,5.0,18.9,24.0,110.3
1976-77,NBA,LAL,53,29,1,,27.2,6-6,208,,82,241.5,44.7,93.4,.478,,,,44.7,93.4,.478,17.5,23.7,.740,14.4,32.0,46.4,25.1,9.8,5.4,18.8,22.8,106.9
1975-76,NBA,LAL,40,42,4,,28.1,6-6,202,,82,240.3,43.3,93.0,.465,,,,43.3,93.0,.465,20.4,26.4,.772,13.8,35.0,48.8,23.6,8.2,6.4,19.7,24.7,106.9
1974-75,NBA,LAL,30,52,5,,28.2,6-5,205,,82,242.1,41.6,92.4,.450,,,,41.6,92.4,.450,20.0,26.6,.752,16.0,33.7,49.7,25.5,9.2,5.2,21.8,25.4,103.2
1973-74,NBA,LAL,47,35,1,,28.7,6-6,210,,82,240.9,43.1,95.2,.453,,,,43.1,95.2,.453,22.9,29.8,.769,16.6,36.2,52.9,26.6,9.7,8.0,23.3,24.8,109.2
1972-73,NBA,LAL,60,22,1,,30.3,6-5,214,,82,240.9,45.6,95.4,.478,,,,45.6,95.4,.478,20.5,27.6,.742,,,55.6,28.1,,,22.3,20.0,111.7
1971-72,NBA,LAL,69,13,1,,29.5,6-5,211,,82,240.9,47.8,97.5,.490,,,,47.8,97.5,.490,25.4,34.5,.734,,,56.4,27.2,,,19.5,20.0,121.0
1970-71,NBA,LAL,48,34,1,,28.2,6-5,211,,82,240.9,45.6,95.8,.476,,,,45.6,95.8,.476,23.6,33.1,.711,,,52.1,26.9,,,19.5,20.8,114.8
1969-70,NBA,LAL,46,36,2,,27.7,6-5,206,,82,241.8,44.7,97.0,.461,,,,44.7,97.0,.461,24.3,32.2,.754,,,50.7,24.8,,,,23.1,113.7
1968-69,NBA,LAL,55,27,1,,29.5,6-6,216,,82,242.7,43.6,92.9,.469,,,,43.6,92.9,.469,25.1,38.5,.650,,,57.9,25.2,,,,21.6,112.2
1967-68,NBA,LAL,52,30,2,,27.8,6-5,202,,82,242.1,46.7,97.9,.477,,,,46.7,97.9,.477,27.8,38.3,.726,,,63.7,24.2,,,,26.2,121.2
1966-67,NBA,LAL,36,45,3,,27.1,6-5,200,,81,241.5,46.7,104.5,.447,,,,46.7,104.5,.447,27.1,36.0,.751,,,66.9,23.5,,,,26.8,120.5
1965-66,NBA,LAL,45,35,1,,26.5,6-5,200,,80,240.6,45.0,101.4,.444,,,,45.0,101.4,.444,29.5,38.2,.773,,,66.7,24.2,,,,25.4,119.5
1964-65,NBA,LAL,49,31,1,,26.4,6-5,203,,80,241.9,41.7,95.4,.437,,,,41.7,95.4,.437,28.5,37.3,.763,,,65.4,20.0,,,,25.0,111.9
1963-64,NBA,LAL,42,38,3,,26.3,6-5,204,,80,,40.9,93.0,.440,,,,40.9,93.0,.440,27.9,36.4,.766,,,62.8,21.0,,,,25.0,109.7
1962-63,NBA,LAL,53,27,1,,26.2,6-5,205,,80,,43.8,99.4,.441,,,,43.8,99.4,.441,27.9,36.6,.761,,,66.0,21.7,,,,22.2,115.5
1961-62,NBA,LAL,54,26,1,,25.9,6-5,204,,80,,44.4,103.9,.427,,,,44.4,103.9,.427,29.7,40.5,.734,,,70.0,23.5,,,,25.7,118.5
1960-61,NBA,LAL,36,43,2,,25.2,6-5,204,,79,,43.1,106.7,.403,,,,43.1,106.7,.403,27.9,38.0,.735,,,73.6,21.9,,,,25.9,114.0
1959-60,NBA,MNL,25,50,3,,25.0,6-5,204,,75,,40.5,105.1,.386,,,,40.5,105.1,.386,26.2,35.9,.730,,,72.4,19.3,,,,24.2,107.3
1958-59,NBA,MNL,33,39,2,,25.7,6-5,207,,72,,38.6,98.4,.392,,,,38.6,98.4,.392,28.8,37.8,.762,,,71.5,19.1,,,,26.0,106.0
1957-58,NBA,MNL,19,53,4,,25.9,6-5,206,,72,,36.9,99.9,.370,,,,36.9,99.9,.370,31.2,41.8,.747,,,72.1,18.4,,,,27.5,105.1
1956-57,NBA,MNL,34,38,2,,25.5,6-5,209,,72,,35.9,96.7,.371,,,,35.9,96.7,.371,30.5,40.3,.757,,,63.6,16.6,,,,26.2,102.3
1955-56,NBA,MNL,33,39,2,,26.8,6-4,206,,72,,35.3,90.9,.388,,,,35.3,90.9,.388,28.7,36.5,.786,,,57.4,23.5,,,,27.5,99.3
1954-55,NBA,MNL,40,32,2,,26.9,6-3,201,,72,,34.8,89.8,.388,,,,34.8,89.8,.388,26.0,35.0,.744,,,53.7,20.4,,,,26.9,95.6
1953-54,NBA,MNL,46,26,1,,27.3,6-3,201,,72,,30.3,80.6,.376,,,,30.3,80.6,.376,21.0,28.7,.731,,,52.1,18.4,,,,26.6,81.7
1952-53,NBA,MNL,48,22,1,,26.5,6-3,200,,70,,30.9,79.4,.390,,,,30.9,79.4,.390,23.4,31.7,.739,,,48.7,19.3,,,,27.4,85.3
1951-52,NBA,MNL,40,26,2,,25.8,6-4,201,,66,,31.9,86.9,.367,,,,31.9,86.9,.367,21.8,29.1,.748,,,53.7,21.0,,,,26.7,85.6
1950-51,NBA,MNL,44,24,1,,,,,,68,,30.6,82.2,.373,,,,30.6,82.2,.373,21.5,29.3,.736,,,50.1,20.7,,,,26.5,82.8
1949-50,NBA,MNL,51,17,1,,,,,,68,,31.5,85.8,.367,,,,31.5,85.8,.367,21.2,28.6,.741,,,,20.7,,,,24.6,84.1
1948-49,BAA,MNL,44,16,2,,,,,,60,,31.4,85.8,.366,,,,31.4,85.8,.366,21.2,29.3,.723,,,,18.9,,,,23.1,84.0
